Digit,Position,X,Y,Type
3,0,250.0,-0.0,Original
1,1,246.69838394504254,-37.28481405216301,Original
4,2,237.8787857922759,-73.58453145867355,Original
1,3,223.76110493464023,-108.0889352266407,Original
5,4,204.68323249760022,-140.03133340196877,Original
9,5,181.09299504627066,-168.7055931057752,Original
2,6,153.53766216285413,-193.48174667798838,Original
6,7,122.65126330531069,-213.8198251089252,Original
5,8,89.14000760126171,-229.28161514793766,Original
3,9,53.76614168134174,-239.54008434644481,Original
5,10,17.330614408587213,-244.38627171799334,Original
8,11,-19.34505731324643,-243.73349945698317,Original
9,12,-55.4373111051132,-237.61882193427965,Original
7,13,-90.13903243403836,-226.2016906034422,Original
9,14,-122.67760341776538,-209.7598760956763,Original
3,15,-152.33210351026423,-188.6827502453209,Original
2,16,-178.4492791609814,-163.46208969337854,Original
3,17,-200.45792875930613,-134.6806177500272,Original
8,18,-217.8813862261117,-102.99855113635307,Original
4,19,-230.34783063151824,-69.13846196838192,Original
6,20,-237.5981991841069,-33.86880193436813,Original
2,21,-239.4915357038864,2.0135357444320943,Original
6,22,-236.0076650082187,37.70122090023632,Original
4,23,-227.2471441807417,72.39465078096029,Original
3,24,-213.42850308752705,105.3198655041748,Original
3,25,-194.8828473681457,135.74581320130665,Original
8,26,-172.04595609543324,163.00057972660179,Original
3,27,-145.44806204829834,186.48622267179513,Original
2,28,-115.70155383640507,205.6918822896068,Original
7,29,-83.48688481883508,220.20488201501476,Original
9,30,-49.537012866233226,229.7195776512978,Original
5,31,-14.620726675339752,234.0437658889572,Original
0,32,20.474762124830455,233.10251846758672,Original
2,33,54.961566929864354,226.93936670532517,Original
8,34,88.0688140521244,215.71482098236166,Original
8,35,119.05987345872796,199.70226972168265,Original
4,36,147.24874721869108,179.28136111298915,Original
1,37,172.01525108372388,154.92902695945466,Original
9,38,192.8186532978459,127.20836034005428,Original
7,39,209.20947083218425,96.75560611208765,Original
1,40,220.83916592958417,64.26556458575294,Original
6,41,227.46753413096363,30.475743081652787,Original
9,42,228.96762773180205,-3.850383210916084,Original
3,43,225.3281146765891,-37.94062119014273,Original
9,44,216.65303096654475,-71.03143088105016,Original
9,45,203.15894341676494,-102.3850267850905,Original
3,46,185.16959772845613,-131.30582651612127,Original
7,47,163.10818303527137,-157.15588002659146,Original
5,48,137.48739708428968,-179.3689372299085,Original
1,49,108.89754484341398,-197.46284391519492,Original
0,50,77.9929465128808,-211.04999477431625,Original
5,51,45.4769677112742,-219.84561721305187,Original
8,52,12.086014206033544,-223.6737093639115,Original
2,53,-21.427144669647063,-222.47050921707807,Original
0,54,-54.310346283081415,-216.28542781845425,Original
9,55,-85.82891608311935,-205.2794367782532,Original
7,56,-115.28208121390419,-189.72095759559826,Original
4,57,-142.0185496692065,-169.97935624614868,Original
9,58,-165.4509086770251,-146.51619984816253,Original
4,59,-185.06852408332216,-119.8744818283725,Original
4,60,-200.44865761462893,-90.66606675318646,Original
5,61,-211.2655602207841,-59.55764488794239,Original
9,62,-217.29734627412012,-27.2555187480469,Original
2,63,-218.43050415879537,5.510431283889431,Original
3,64,-214.66195256311968,38.00323830660956,Original
0,65,-206.09860736521352,69.49542461284452,Original
7,66,-192.9544801197033,99.28528894924474,Original
8,67,-175.5453845453875,126.71254067696705,Original
1,68,-154.28138083787525,151.17293252020514,Original
6,69,-129.657137893946,172.1315676834156,Original
4,70,-102.2404395191384,189.13458839390907,Original
0,71,-72.65910138155554,201.81899064861273,Original
6,72,-41.58659998144202,209.9203532342291,Original
2,73,-9.72674247943176,213.27831694932988,Original
8,74,22.202273722393436,211.83970128744969,Original
6,75,53.484050640247816,205.65919947114307,Original
2,76,83.42006366575286,194.89764744091124,Original
0,77,111.34525916630632,179.81791696376666,Original
8,78,136.64282745596785,160.77853620691602,Original
9,79,158.75782302166917,138.2251917322612,Original
9,80,177.20933133382334,112.68031278009134,Original
8,81,191.6009156500685,84.73098088689486,Original
6,82,201.62911713830135,55.015444395452754,Original
2,83,207.08982647488378,24.208547469902587,Original
8,84,207.88239378420897,-6.993593821996432,Original
0,85,204.0113952623753,-37.88932043596031,Original
3,86,195.58602789909116,-67.78720890150245,Original
4,87,182.81715717626884,-96.02154467611636,Original
8,88,166.01209527393286,-121.96714402968794,Original
2,89,145.56723797291113,-145.05319448029354,Original
5,90,121.95873597852787,-164.77580744308227,Original
3,91,95.73141974511645,-180.7090071733679,Original
4,92,67.48623510160591,-192.51391656659726,Original
2,93,37.866479227868496,-199.94594207156445,Original
1,94,7.5431521125377605,-202.85980591582728,Original
1,95,-22.800243008351686,-201.21232297938442,Original
7,96,-52.48310595517833,-195.06287086295416,Original
0,97,-80.84300539437893,-184.5715538180367,Original
6,98,-107.25046170441266,-169.9951130597298,Original
7,99,-131.12291703585024,-151.68068640406904,Original
9,100,-151.93758257176427,-130.05756803142336,Original
8,101,-169.24287976070573,-105.62716341123291,Original
2,102,-182.66822530244423,-78.95137405299212,Original
1,103,-191.9319481428923,-50.639680904149614,Original
4,104,-196.8471697863954,-21.335223155289924,Original
8,105,-197.32552586924746,8.299809661971057,Original
0,106,-193.3786560904578,37.59914053071497,Original
8,107,-185.1174401454898,65.9073846695573,Original
6,108,-172.74900811099798,92.59470933409936,Original
5,109,-156.5716036384843,117.0708457903733,Original
1,110,-136.96742621302914,138.798141761979,Original
3,111,-114.39362355136619,157.3033657961212,Original
2,112,-89.37164595780433,172.1880045148119,Original
8,113,-62.475210229811005,183.13682891963845,Original
2,114,-34.317150726761994,189.92454598075705,Original
3,115,-5.5354588383685295,192.4203957366493,Original
0,116,23.221171186267036,190.59060105036156,Original
6,117,51.307962603934506,184.49862593914693,Original
6,118,78.09851322518604,174.30324791011626,Original
4,119,102.99876499277948,160.2544988758886,Original
7,120,125.46017456637523,142.68757688661847,Original
0,121,144.9917929636287,122.0148760323602,Original
9,122,161.170988352735,98.71632343945227,Original
3,123,173.65257798726444,73.3282493884658,Original
8,124,182.1761722725412,46.431048406485374,Original
4,125,186.57157519432104,18.635915043534034,Original
4,126,186.76212987453482,-9.429042619873698,Original
6,127,182.7659448253289,-37.132996271575465,Original
0,128,174.69498448561797,-63.856576760500545,Original
9,129,162.75205575621365,-89.00572086740448,Original
5,130,147.22576941557966,-112.0248758981262,Original
5,131,128.4836004410677,-132.40926862459466,Original
0,132,106.96321337385616,-149.7159677013074,Original
5,133,83.16225701705001,-163.57349726600003,Original
8,134,57.62686610689258,-173.68979331756452,Original
2,135,30.939135420907668,-179.85833286063433,Original
2,136,3.7038534863663024,-181.96230782596578,Original
3,137,-23.465201828587468,-179.97676045296419,Original
1,138,-49.95909532615354,-173.96864313488308,Original
7,139,-75.1873823799417,-164.0948126262754,Original
2,140,-98.5912668403683,-150.59801493649007,Original
5,141,-119.65597574157336,-133.800962139037,Original
3,142,-137.9220768228838,-114.09864471089276,Original
5,143,-152.995490158742,-91.9490619369566,Original
9,144,-164.55597593471342,-67.86258751457993,Original
4,145,-172.3639158913487,-42.39021701525094,Original
0,146,-176.26524535716297,-16.110967667373075,Original
8,147,-176.1944351976872,10.381281489681841,Original
1,148,-172.17546744754532,36.491210026789545,Original
2,149,-164.32079385430478,61.6354338598429,Original
8,150,-152.82831201636523,85.25553968058917,Original
4,151,-137.97643821816084,106.8304848656508,Original
8,152,-120.11739845907361,125.88808755169862,Original
1,153,-99.66889859353994,142.0153535824583,Original
1,154,-77.1043700768702,154.86741463280467,Original
1,155,-52.94201876389336,164.174884343506,Original
7,156,-27.732929863760482,169.74947599675158,Original
4,157,-2.048501965450957,171.48776527699445,Original
5,158,23.53250339906076,169.37302407341375,Original
0,159,48.43700316381174,163.47509512004845,Original
2,160,72.11043124728948,153.94832154112606,Original
8,161,94.02908656659152,141.02758907197,Original
4,162,113.71171562580061,125.02258087816398,Original
1,163,130.73007356976916,106.31038455599126,Original
0,164,144.71823206882178,85.32662718562503,Original
2,165,155.38043195164792,62.55534642633922,Original
7,166,162.4973124376759,38.51783288987507,Original
0,167,165.93038634621664,13.760700817737424,Original
1,168,165.62467091092765,-11.156540039228837,Original
9,169,161.6094258814292,-35.67412880891205,Original
3,170,153.99699349054714,-59.244628413657765,Original
8,171,142.97977763356107,-81.34514852071652,Original
5,172,128.82544128135672,-101.48894362768644,Original
2,173,111.87044079916093,-119.23612906917697,Original
1,174,92.51205258428212,-134.20327912030695,Original
1,175,71.19908045854571,-146.0716979495259,Original
0,176,48.4214608310444,-154.5941853078169,Original
5,177,24.699006166121368,-159.60015380445566,Original
5,178,0.5695452497205011,-160.99899259998034,Original
5,179,-23.423269227704544,-158.7816124703565,Original
9,180,-46.74220939741379,-153.02014854472048,Original
6,181,-68.86850128159752,-143.86583865263708,Original
4,182,-89.31336486510281,-131.5451361946652,Original
4,183,-107.62880848551926,-116.35415585181055,Original
6,184,-123.41743922270771,-98.65158739579027,Original
2,185,-136.34107459409063,-78.85024653435538,Original
2,186,-146.12796918250075,-57.40746138437155,Original
9,187,-152.57850217157252,-34.81451816526311,Original
4,188,-155.5692073851979,-11.585409511160364,Original
8,189,-155.05506549876776,11.754857003504375,Original
9,190,-151.07001773670194,34.68212422895345,Original
5,191,-143.7257006889039,56.684856544615236,Original
4,192,-133.20844195430934,77.27555235716794,Original
9,193,-119.77459524982184,96.00154338728805,Original
3,194,-103.74433053621787,112.4549415614626,Original
0,195,-85.49402878856618,126.28151504277979,Original
3,196,-65.44746152604776,137.1883004479482,Original
8,197,-44.06596144911601,144.9497880011041,Original
1,198,-21.837811945420217,149.41254957143482,Original
9,199,0.7329006332117173,150.49821546005734,Original
6,200,23.137717483137607,148.20474361392928,Original
4,201,44.875261479621635,142.6059637853045,Original
4,202,65.46245689938168,133.84941814104607,Original
2,203,84.44526366533076,122.15255807592722,Original
8,204,101.40868761906968,107.79739363907619,Original
8,205,115.98584620013166,91.12372622560716,Original
1,206,127.86589164502574,72.5211262586464,Original
0,207,136.80062086912,52.41984480922558,Original
9,208,142.6096319215101,31.280870883199604,Original
7,209,145.18392058956792,9.58536395981089,Original
5,210,144.4878465957831,-12.17629607530329,Original
6,211,140.55943605060617,-33.51559244792724,Original
6,212,133.5090245517598,-53.956837965522055,Original
5,213,123.5162826974969,-73.04777825910949,Original
9,214,110.82570196664102,-90.36959545998455,Original
3,215,95.74065310249053,-105.54609108587854,Original
3,216,78.61616056192099,-118.25184691370472,Original
4,217,59.85056456380078,-128.2191870251653,Original
4,218,39.87626618327487,-135.24379244638405,Original
6,219,19.149770277591053,-139.18885119978356,Original
1,220,-1.858744611228327,-139.98766041501742,Original
2,221,-22.676091142282505,-137.64463262512962,Original
8,222,-42.83673096633389,-132.2346946913628,Original
4,223,-61.89318537330116,-123.90110412884214,Original
7,224,-79.42596599178536,-112.85174312464896,Original
5,225,-95.05280518443973,-99.35398445240607,Original
6,226,-108.43698312059269,-83.72825503797566,Original
4,227,-119.2945703084129,-66.34045142242499,Original
8,228,-127.40043010956273,-47.593386178106954,Original
2,229,-132.5928548304494,-27.917464926303225,Original
3,230,-134.7767407055802,-7.760809544164816,Original
3,231,-133.92524072450806,12.420945893230881,Original
7,232,-130.07986903053944,32.17495412580578,Original
8,233,-123.34906574248683,51.061315890365194,Original
6,234,-113.90526572362609,68.66287527063028,Original
7,235,-101.98054826383118,84.59443111581517,Original
8,236,-87.86097610405625,98.51116118512896,Original
3,237,-71.87976101948958,110.1160749199728,Original
1,238,-54.409418656804306,119.1663340101918,Original
6,239,-35.853096939445415,125.47830665039568,Original
5,240,-16.63527965156261,128.93125094760506,Original
2,241,2.8079205740739215,129.46955465301366,Original
7,242,22.038657957446805,127.10349151551529,Original
1,243,40.62721344521243,121.90848833316387,Original
2,244,58.16159672374645,114.02293044183826,Original
0,245,74.25667582113647,103.64456616723642,Original
1,246,88.56263202505423,91.0256019414035,Original
9,247,100.77255460117959,76.46660865470808,Original
0,248,110.62901062291768,60.309385742141075,Original
9,249,117.92944961587115,42.92895192405362,Original
1,250,122.53033010126352,24.724849954557783,Original
4,251,124.34988484907653,6.111966788310047,Original
5,252,123.36947303347553,-12.488920027070066,Original
6,253,119.63349979722845,-30.660654367879033,Original
4,254,113.24791623952476,-47.999056942877374,Original
8,255,104.3773448053308,-64.12191428356675,Original
5,256,93.24090575445119,-78.67740141927382,Original
6,257,80.10684913920213,-91.35175269795928,Original
6,258,65.28612288476343,-101.87601365716844,Original
9,259,49.12503057311642,-110.03172892938827,Original
2,260,31.99715188319247,-115.65544635409053,Original
3,261,14.294713926351525,-118.64194517017906,Original
4,262,-3.5803873770790804,-118.94612573022314,Original
6,263,-21.225710420776057,-116.58352892726039,Original
0,264,-38.2473284616725,-111.62948474997516,Original
3,265,-54.26862360802243,-104.21692037136191,Original
4,266,-68.93861793709205,-94.53288822903725,Original
8,267,-81.93965749360422,-82.81390299841465,Original
6,268,-92.99428105425662,-69.34020256101023,Original
1,269,-101.87112535330833,-54.42907145313559,Original
0,270,-108.38974147085155,-38.42738533756836,Original
4,271,-112.4242227415453,-21.703551344409313,Original
5,272,-113.90557224405715,-4.639031337884593,Original
4,273,-112.8227670354284,12.380356960502004,Original
3,274,-109.22250612846622,28.973162668531035,Original
2,275,-103.20765909140758,44.77085106262549,Original
6,276,-94.93446139919648,59.425987908022805,Original
6,277,-84.60853062634837,72.61987706716579,Original
4,278,-72.47980361873344,84.0694835679977,Original
8,279,-58.836518340489704,93.53349191369483,Original
2,280,-43.99838464871864,100.81737027071972,Original
1,281,-28.30910536111893,105.77733478232975,Original
3,282,-12.128422290776081,108.32313406071948,Original
3,283,4.1761288422325595,108.41960130849529,Original
9,284,20.23756572609133,106.08694987359253,Original
3,285,35.697719442335725,101.39981669912567,Original
6,286,50.21522120715065,94.48508643757981,Original
0,287,63.47303778307989,85.51855631725617,Original
7,288,75.18538927392714,74.72052756591084,Original
2,289,85.10389848254842,62.350432741658594,Original
6,290,93.02283976334807,48.70062917830188,Original
0,291,98.78337688388554,34.089506470704855,Original
2,292,102.27670330782146,18.85407013044826,Original
4,293,103.44602396105122,3.342173940658714,Original
9,294,102.2873443457275,-12.09542007119086,Original
1,295,98.84906020343996,-27.11297285243177,Original
4,296,93.23036817275535,-41.37751140864426,Original
1,297,85.57854441890704,-54.57621034059762,Original
2,298,76.08516343755664,-66.42324822440027,Original
7,299,64.98135258822352,-76.6659886508025,Original
3,300,52.53219888177297,-85.09035245341184,Original
7,301,39.03044267476052,-91.52526724687688,Original
2,302,24.78960782480443,-95.84610239280674,Original
4,303,10.136729225785874,-97.97702139074804,Original
5,304,-4.595153756610225,-97.89220889301207,Original
8,305,-19.07456572810723,-95.615955479638,Original
7,306,-32.979053615966464,-91.22160940585958,Original
0,307,-46.0023671102853,-84.82943015398925,Original
0,308,-57.86120131275407,-76.60340320537297,Original
6,309,-68.3013532009612,-66.74709844568187,Original
6,310,-77.10315827258734,-55.49867551926213,Original
0,311,-84.08609138738558,-43.125157799041624,Original
6,312,-89.11243594579122,-29.91611204363389,Original
3,313,-92.08994764920075,-16.176882949674354,Original
1,314,-92.97346265531345,-2.2215404297547137,Original
5,315,-91.76542442098331,11.634297608227156,Original
5,316,-88.51532834767168,25.080603013162786,Original
8,317,-83.31810794126203,37.819874260608124,Original
8,318,-76.31151000973911,49.57371723033777,Original
1,319,-67.67252891336854,60.088924357732516,Original
7,320,-57.61299055222797,69.14291951913002,Original
4,321,-46.37439517137479,76.54845179681409,Original
8,322,-34.222143787211515,82.15743955727577,Original
8,323,-21.43928575727838,85.86388662422497,Original
1,324,-8.319934469413596,87.60581425010936,Original
5,325,4.837495868153621,87.36617556998587,Original
2,326,17.73707689904682,85.17274272369829,Original
0,327,30.092021931883014,81.0969803140109,Original
9,328,41.631061196767334,75.25194179309271,Original
2,329,52.10439483833903,67.7892472190868,Original
0,330,61.28909307878698,58.89522110986413,Original
9,331,68.99382698655052,48.78628739461462,Original
6,332,75.06282980065855,37.703734328543185,Original
2,333,79.37900738276345,25.907975353685696,Original
8,334,81.86613665048051,13.672441988351972,Original
2,335,82.49011230487291,1.2772517095130242,Original
9,336,81.25922429793532,-10.997202666943885,Original
2,337,78.22347077860066,-22.87659544926669,Original
5,338,73.47293319569826,-34.09879891756394,Original
4,339,67.13526132442676,-44.41966554242532,Original
0,340,59.3723357451026,-53.61833406746997,Original
9,341,50.37619330047204,-61.50194426644963,Original
1,342,40.36431689723955,-67.90966000076294,Original
7,343,29.574404358918454,-72.7159171489653,Original
1,344,18.258741602039724,-75.83283164375403,Original
5,345,6.6783129843554745,-77.21172278665325,Original
3,346,-4.903213878810064,-76.84372774442066,Original
6,347,-16.22549028264211,-74.7595041789864,Original
4,348,-27.03733897586431,-71.02803883751972,Original
3,349,-37.102325515823665,-65.75460015328099,Original
6,350,-46.20392487682387,-59.07789202380884,Original
7,351,-54.150170496782266,-51.166483513814114,Original
8,352,-60.77768615249846,-42.21460488916598,Original
9,353,-65.95501638833912,-32.43741378738323,Original
2,354,-69.58518830941583,-22.065846186882062,Original
5,355,-71.6074559747372,-11.341174931464215,Original
9,356,-71.99819794845982,-0.5094037439950275,Original
0,357,-70.77095833260712,10.184373161092724,Original
3,358,-67.97564135182999,20.5015165977393,Original
6,359,-63.696888834954855,30.215167594229953,Original
0,360,-58.051688300420516,39.11523341961314,Original
0,361,-51.1862763905801,47.01292491716658,Original
1,362,-43.27241773603919,53.744747308715866,Original
1,363,-34.503152632249794,59.17586043680036,Original
3,364,-25.088117894083712,63.20273997646429,Original
3,365,-15.248553694632571,65.75508809378866,Original
0,366,-5.212114928173786,66.79695994561061,Original
5,367,4.792391435020407,66.32709087796285,Original
3,368,14.540221445536742,64.37842775584654,Original
0,369,23.815742883556094,61.01688611281591,Original
5,370,32.41720416392157,56.33937232694935,Original
4,371,40.161117994029745,50.47112641371916,Original
8,372,46.886164643898,43.56245591085619,Original
8,373,52.45653205304281,35.78494438961856,Original
2,374,56.76462411334162,27.32722908146809,Original
0,375,59.73308398094826,18.390450731969093,Original
4,376,61.31609580542738,9.183484914761454,Original
6,377,61.4999454233362,-0.08193245186238791,Original
6,378,60.30283793976133,-9.196071792394887,Original
5,379,57.77398730806341,-17.955956964966454,Original
2,380,53.99200961815163,-26.169885314869497,Original
1,381,49.06266743855754,-33.66162004142857,Original
3,382,43.116026876339134,-40.274163261311855,Original
8,383,36.303101705569574,-45.87302918442461,Original
4,384,28.79206969622926,-50.34894956806425,Original
1,385,20.764154925176427,-53.61995776055098,Original
4,386,12.409276196776025,-55.632812838037665,Original
6,387,3.9215656261374723,-56.3637412086875,Original
9,388,-4.5051371155667015,-55.81848922686768,Original
5,389,-12.681710426091009,-54.03169644448317,Original
1,390,-20.427995251383173,-51.065614752095826,Original
9,391,-27.576763159797796,-47.00821346986523,Original
4,392,-33.977320646555654,-41.970724102416234,Original
1,393,-39.49867212108177,-36.08469066891495,Original
5,394,-44.03217551246141,-29.49860199466737,Original
1,395,-47.493637282915294,-22.37419088232864,Original
1,396,-49.824807544467,-14.882491496951186,Original
6,397,-50.99425058802288,-7.1997504794213665,Original
0,398,-50.99758110305658,0.4967108184504262,Original
9,399,-49.857071332680846,8.032586017464974,Original
4,400,-47.62064902075782,15.240531055110834,Original
3,401,-44.360319925832144,21.963879804757163,Original
3,402,-40.17006158317189,28.060045481149494,Original
0,403,-35.16324660159918,33.4035340710399,Original
5,404,-29.46966383148837,37.88850635297024,Original
7,405,-23.232214020206012,41.43083672482784,Original
2,406,-16.603362912279714,43.96962974603191,Original
7,407,-9.741439033066031,45.46816870696529,Original
0,408,-2.8068655466933334,45.91428433290435,Original
3,409,4.041584416776518,45.32014558010675,Original
6,410,10.650421680595393,43.721488058224914,Original
5,411,16.874881044983727,41.17630859751331,Original
7,412,22.582090317164933,37.76306657181598,Original
5,413,27.653899021626017,33.57844351517372,Original
9,414,31.989306751864167,28.734722089053474,Original
5,415,35.50644168228264,23.35685336389861,Original
9,416,38.14405131404776,17.579287509773867,Original
1,417,39.86247978947868,11.542647228145022,Original
9,418,40.64411877120736,5.3903255293154215,Original
5,419,40.49333163518445,-0.734910255045281,Original
3,420,39.43586326330199,-6.694228012112276,Original
0,421,37.51775974451459,-12.355877295962445,Original
9,422,34.80383352227231,-17.598101379238436,Original
2,423,31.375719703661005,-22.311750560574545,Original
1,424,27.329578143997985,-26.402540757872295,Original
8,425,22.773503346279767,-29.7929109913245,Original
6,426,17.824710012950984,-32.42344387868452,Original
1,427,12.606566144893444,-34.253824458510124,Original
1,428,7.245547830246431,-35.26332424261234,Original
7,429,1.8681902795743028,-35.45080908920563,Original
3,430,-3.401891735086488,-34.83428099764297,Original
8,431,-8.446844026895938,-33.44997497734927,Original
1,432,-13.157208505165318,-31.351042476313374,Original
9,433,-17.4342951151154,-28.60586222855489,Original
3,434,-21.192238874852965,-25.296027582827524,Original
2,435,-24.359699391127638,-21.514066225934506,Original
6,436,-26.881169825358832,-17.360953568863025,Original
1,437,-28.717872497698487,-12.943484816923647,Original
1,438,-29.84822889758541,-8.371572831753136,Original
7,439,-30.267902547659016,-3.755539290889778,Original
9,440,-29.989423678990498,0.7965346207190038,Original
3,441,-29.04141476272558,5.181334633021174,Original
1,442,-27.467445364237356,9.302657962251207,Original
0,443,-25.324553318922852,13.073522830401659,Original
5,444,-22.681476677532434,16.41799670259902,Original
1,445,-19.616647067119466,19.272704995513042,Original
1,446,-16.215999928824495,21.587990789055937,Original
8,447,-12.570660429800284,23.328705415403004,Original
5,448,-8.774565646194667,24.474619460179976,Original
4,449,-4.922083859060506,25.020453442821054,Original
8,450,-1.105690516545973,24.975537000865874,Original
0,451,2.5862423469651277,24.3631145488988,Original
7,452,6.07149058544375,23.219323893491556,Original
4,453,9.275809051399396,21.591881956929484,Original
4,454,12.13450856623156,19.538518415070598,Original
6,455,14.593745365929976,17.12520353731299,Original
2,456,16.611497732075552,14.424220710223786,Original
3,457,18.15821309845395,11.512136946333442,Original
7,458,19.217117761888996,8.467726077625002,Original
9,459,19.784190191404477,5.36989929796964,Original
9,460,19.86780759444543,2.2956962756637447,Original
6,461,19.488083643158802,-0.6816127326028298,Original
2,462,18.67592288213056,-3.4942673768205164,Original
7,463,17.471824145078614,-6.081559096436372,Original
4,464,15.924471139011057,-8.391139311369098,Original
9,465,14.089153074951595,-10.380065781611503,Original
5,466,12.026061729832513,-12.015566539712466,Original
6,467,9.798513542812408,-13.275508741713887,Original
7,468,7.47114624378064,-14.14856790647175,Original
3,469,5.108139079769327,-14.634101104671014,Original
5,470,2.7715039786826927,-14.741735504890393,Original
1,471,0.5194920347944832,-14.490691081718122,Original
8,472,-1.5948443862022947,-13.908863051443099,Original
8,473,-3.524898717762688,-13.031695554666513,Original
5,474,-5.231537182859817,-11.90088310607054,Original
7,475,-6.683883082419845,-10.56294026019942,Original
5,476,-7.859842892272379,-9.067682708873054,Original
2,477,-8.746366111424061,-7.466664572949072,Original
7,478,-9.3394383333607,-5.811616953770501,Original
2,479,-9.643814433671334,-4.152931876266749,Original
4,480,-9.672505882738825,-2.5382336276203628,Original
8,481,-9.446042813056062,-1.01107624535042,Original
9,482,-8.99153742352645,0.39019836150772536,Original
1,483,-8.341580434117612,1.6334123365354591,Original
2,484,-7.53300648320141,2.6932904269769207,Original
2,485,-6.6055674833229165,3.5519682182230947,Original
7,486,-5.600554944812494,4.1992599717255334,Original
9,487,-4.559413097456704,4.632683046220652,Original
3,488,-3.522384277254116,4.8572429425913,Original
8,489,-2.5272265190463052,4.8849898793578985,Original
1,490,-1.6080406588202367,4.734364290966738,Original
8,491,-0.7942405837454514,4.429354568685113,Original
3,492,-0.10969568295360707,3.9984955742305557,Original
0,493,0.42793081855826764,3.473740809923511,Original
1,494,0.8076299623544401,2.889244510924502,Original
1,495,1.025270377019013,2.2800922468196965,Original
9,496,1.0835923384745858,1.6810198226074489,Original
4,497,0.9919749206237398,1.125160324955304,Original
9,498,0.7659853128302462,0.6428580718388389,Original
1,499,0.4267258165757548,0.26058602700021205,Original
3,0,250.0,-0.0,Golden Angle
1,1,-183.97353508054078,-168.5348284182502,Golden Angle
4,2,21.769005454523008,248.04658917534212,Golden Angle
1,3,151.19705695324734,-197.20978669598645,Golden Angle
5,4,-244.20894435822632,43.19712369406928,Golden Angle
9,5,208.8294354660683,132.84019302501488,Golden Angle
2,6,-64.12226331066768,-238.53162337081724,Golden Angle
6,7,-113.6135815918455,218.75603780895526,Golden Angle
5,8,231.07303889573302,-84.3875031950291,Golden Angle
3,9,-226.92683403183108,-93.67209828059686,Golden Angle
5,10,103.84226878673812,221.90489677612533,Golden Angle
8,11,73.17490485677143,-233.29312741528082,Golden Angle
9,12,-211.11153517978812,122.34344982071208,Golden Angle
7,13,237.82055087846086,52.28418097154628,Golden Angle
9,14,-139.75645128095664,-198.78917054345186,Golden Angle
3,15,-31.163842276255863,240.48921999661573,Golden Angle
2,16,185.04505690036245,-155.95616985788547,Golden Angle
3,17,-241.29377204275872,-9.978255026666144,Golden Angle
8,18,170.82788884712306,169.99656582423947,Golden Angle
4,19,-11.109042748657375,-240.24329162165694,Golden Angle
6,20,-153.7701947912863,184.26808512015822,Golden Angle
2,21,237.36112434959222,-31.93660356859224,Golden Angle
6,22,-196.1851425348467,-136.50051226490643,Golden Angle
4,23,52.34630656526209,232.68458090078852,Golden Angle
3,24,118.32904824174027,-206.49996693027313,Golden Angle
3,25,-226.26453458421403,72.1845578319145,Golden Angle
8,26,215.14649865950102,99.40313935966674,Golden Angle
3,27,-91.3034459413527,-218.16491642616253,Golden Angle
2,28,-79.87473795605165,222.07211944873242,Golden Angle
7,29,208.46211250845784,-109.56184394446396,Golden Angle
9,30,-227.23795122547185,-59.89919467613962,Golden Angle
5,31,126.82644964494972,197.2442690433794,Golden Angle
0,32,39.634024365905994,-230.61904542461963,Golden Angle
2,33,-184.61051134913325,142.9727564937165,Golden Angle
8,34,232.20446215305873,19.237665040454093,Golden Angle
8,35,-157.88594805027358,-170.6700835186598,Golden Angle
4,36,1.131760301919259,231.99723946335868,Golden Angle
1,37,155.54141614541777,-171.4617096131902,Golden Angle
9,38,-230.0142538487356,21.317669347502022,Golden Angle
7,39,183.60695132210608,139.3511299782021,Golden Angle
1,40,-41.16622411755103,-226.2859739177476,Golden Angle
6,41,-122.23298381968236,194.240437773748,Golden Angle
9,42,220.85611003170632,-60.52750334899691,Golden Angle
3,43,-203.293319968036,-104.32677535692231,Golden Angle
9,44,79.2566346710783,213.78116348409938,Golden Angle
9,45,85.7772039144839,-210.70956620099867,Golden Angle
3,46,-205.12987956339492,97.214878029585,Golden Angle
7,47,216.44628934256437,66.73270434977816,Golden Angle
5,48,-114.27065226107206,-194.98260956256883,Golden Angle
1,49,-47.34426146477381,220.47396877263114,Golden Angle
0,50,183.4305874752345,-130.30049723040335,Golden Angle
5,51,-222.77656609131893,-27.764214387592602,Golden Angle
8,52,145.1899645120675,170.57512774430094,Golden Angle
2,53,8.145060381608157,-223.3515345624022,Golden Angle
0,54,-156.52675099997907,158.83443021395124,Golden Angle
9,55,222.2097230858547,-11.361732531078832,Golden Angle
7,56,-171.13982420613195,-141.40424523575751,Golden Angle
4,57,30.606894889083307,219.37517631958409,Golden Angle
9,58,125.33367031987967,-182.0232707214869,Golden Angle
4,59,-214.88483337544707,49.44449802765061,Golden Angle
4,60,191.41363603342631,108.44731412286336,Golden Angle
5,61,-67.73306049049376,-208.78812829418993,Golden Angle
9,62,-90.88260885630055,199.25197968269396,Golden Angle
2,63,201.14649625214713,-85.33661022963686,Golden Angle
3,64,-205.49190651394125,-72.78101646216288,Golden Angle
0,65,102.12569462190655,192.03279016353713,Golden Angle
7,66,54.286892064347825,-210.09981758676957,Golden Angle
8,67,-181.53061301080817,117.97833080663673,Golden Angle
1,68,213.05505883913568,35.54633459377252,Golden Angle
6,69,-132.7808893809896,-169.73357185658173,Golden Angle
4,70,-16.70603372513838,214.3499671965791,Golden Angle
0,71,156.7444600598417,-146.42890507187673,Golden Angle
6,72,-213.9898146323003,2.0878777822833636,Golden Angle
2,73,158.8278086320384,142.6743747319209,Golden Angle
8,74,-20.690957364947614,-211.9926514842482,Golden Angle
6,75,-127.64177692106189,169.8935748768442,Golden Angle
2,76,208.38905111977667,-38.961562768953534,Golden Angle
0,77,-179.55328248257237,-111.77150240438554,Golden Angle
8,78,56.76193046603114,203.22175880001,Golden Angle
9,79,95.19373129087795,-187.74558189986823,Golden Angle
9,80,-196.54524832891295,73.95921416108976,Golden Angle
8,81,194.42106849230072,78.0429248959322,Golden Angle
6,82,-90.42647556471779,-188.42519077061723,Golden Angle
2,83,-60.456738535859614,199.54255878284891,Golden Angle
8,84,178.93784017749968,-106.04362004671272,Golden Angle
0,85,-203.08526847464196,-42.57491900852656,Golden Angle
3,86,120.6982702844883,168.16934188588777,Golden Angle
4,87,24.538195573470695,-205.03689170000138,Golden Angle
8,88,-156.21496950164422,134.28657156841993,Golden Angle
2,89,205.39758173744244,6.487173221878141,Golden Angle
5,90,-146.7139230205308,-143.17829720989752,Golden Angle
3,91,11.438763066082249,204.17983421366085,Golden Angle
4,92,129.17031449852917,-157.89562961764037,Golden Angle
2,93,-201.40827457035257,29.102524539865374,Golden Angle
1,94,167.75747058047222,114.30849078017785,Golden Angle
1,95,-46.37036706399558,-197.11935231820928,Golden Angle
7,96,-98.71579773002928,176.236180390191,Golden Angle
0,97,191.36094531671853,-63.112903652833594,Golden Angle
6,98,-183.27983941779564,-82.51969742423341,Golden Angle
7,99,79.20607349013301,184.1918780030098,Golden Angle
9,100,65.85110456501452,-188.84817189363397,Golden Angle
8,101,-175.68135814076305,94.5320601796922,Golden Angle
2,102,192.91274969820662,48.84333121191753,Golden Angle
1,103,-108.98015243882166,-165.90833726612775,Golden Angle
4,104,-31.631022504262926,195.45710121490805,Golden Angle
8,105,154.96080056737964,-122.44754096149417,Golden Angle
0,106,-196.47672524468274,-14.349091857168183,Golden Angle
8,107,134.84004573910588,142.93499244438303,Golden Angle
6,108,-2.868335956586572,-195.97901073543605,Golden Angle
5,109,-129.9345844492862,146.07276872843656,Golden Angle
1,110,193.98306381957767,-19.88896556308676,Golden Angle
3,111,-156.070667393718,-116.06979270800589,Golden Angle
2,112,36.58334750772318,190.5194443754473,Golden Angle
8,113,101.45645226024396,-164.76904531727078,Golden Angle
2,114,-185.62981502694967,52.82586272897439,Golden Angle
3,115,172.11395676537026,86.21505603181069,Golden Angle
0,116,-68.49566749887845,-179.36650616512296,Golden Angle
6,117,-70.46976636521092,178.06252280711004,Golden Angle
6,118,171.7920012104252,-83.47759172446978,Golden Angle
4,119,-182.58315730824268,-54.34740718151617,Golden Angle
7,120,97.66298393851363,162.97834693058348,Golden Angle
0,121,37.97644492821582,-185.65570185322667,Golden Angle
9,122,-153.00649418115185,110.95049679200697,Golden Angle
3,123,187.27146938145393,21.485966483059617,Golden Angle
8,124,-123.24680738954001,-141.96557494084834,Golden Angle
4,125,-5.004662134547641,187.4331970514269,Golden Angle
4,126,129.95212196720146,-134.4672673784278,Golden Angle
6,127,-186.15490956428036,11.340178354620184,Golden Angle
0,128,144.53647830774318,117.0692377971057,Golden Angle
9,129,-27.4236487718734,-183.4616948794405,Golden Angle
5,130,-103.42572015869875,153.3887884092398,Golden Angle
5,131,179.38939493506263,-43.1241809757835,Golden Angle
0,132,-160.96870761319494,-89.1351511432934,Golden Angle
5,133,58.32446361943572,173.9842146388721,Golden Angle
8,134,74.31495770715516,-167.23123829292103,Golden Angle
2,135,-167.30225301613635,72.9123181343502,Golden Angle
2,136,172.14211992645997,59.08545123145187,Golden Angle
3,137,-86.78152543809901,-159.40896098600157,Golden Angle
1,138,-43.56885396396466,175.6779865670902,Golden Angle
7,139,150.3785307809483,-99.83259728246773,Golden Angle
2,140,-177.82643672001802,-27.888320197914723,Golden Angle
5,141,111.97348665739291,140.2932225226388,Golden Angle
3,142,12.166960011814119,-178.58601592529834,Golden Angle
5,143,-129.24263391726566,123.12023220465292,Golden Angle
9,144,177.96611304101634,-3.473126699703787,Golden Angle
4,145,-133.1975321694341,-117.32291943168035,Golden Angle
0,146,18.911798328928853,175.98677190052075,Golden Angle
8,147,104.63596565481149,-142.13924402319407,Golden Angle
1,148,-172.6784206777605,34.031794431595536,Golden Angle
2,149,149.88880652152926,91.28852983563469,Golden Angle
8,150,-48.719626287653526,-168.08152193025674,Golden Angle
4,151,-77.3913488166644,156.39958161177216,Golden Angle
8,152,162.24614689518313,-62.86642838325282,Golden Angle
1,153,-161.63511427066925,-63.05822574976,Golden Angle
1,154,76.36876442817399,155.2314781856891,Golden Angle
1,155,48.405102087938765,-165.56930902753754,Golden Angle
7,156,-147.1052455677251,89.1293819481505,Golden Angle
4,157,168.18652260715731,33.549122392577715,Golden Angle
5,158,-101.05790996075812,-137.94309998823175,Golden Angle
0,159,-18.60769948002726,169.48157280383313,Golden Angle
2,160,127.82793147004942,-112.07149475262808,Golden Angle
8,161,-169.4596643680892,-3.6975873559064905,Golden Angle
4,162,122.0953693202136,116.84913688410643,Golden Angle
1,163,-11.066030749656742,-168.13623334501,Golden Angle
0,164,-105.10184395258841,131.0633526114976,Golden Angle
2,165,165.536711943089,-25.570432125225853,Golden Angle
7,166,-138.9182753069519,-92.68609812556527,Golden Angle
0,167,39.706215227297406,161.69621662959074,Golden Angle
1,168,79.70601920610571,-145.61232949965435,Golden Angle
9,169,-156.6591627380553,53.36812466455521,Golden Angle
3,170,151.107340271569,66.26893477378566,Golden Angle
8,171,-66.4558342973866,-150.47880943122288,Golden Angle
5,172,-52.48449757308444,155.3749578101339,Golden Angle
2,173,143.2167393839354,-78.87468263158924,Golden Angle
1,174,-158.39676936154592,-38.46379409035498,Golden Angle
1,175,90.53635512645614,134.94227803181707,Golden Angle
0,176,24.318451541933324,-160.16433096854817,Golden Angle
5,177,-125.73185766898041,101.35950851847721,Golden Angle
5,178,160.67911958645212,10.159750436040127,Golden Angle
5,179,-111.27033277770089,-115.66833206863365,Golden Angle
9,180,3.9022502458955257,159.95240680595717,Golden Angle
6,181,104.84024764147475,-120.20304686019506,Golden Angle
4,182,-158.0050560301943,17.759568375812258,Golden Angle
4,183,128.10032499223738,93.34107743583833,Golden Angle
6,184,-31.30712786771765,-154.86724555138952,Golden Angle
2,185,-81.26842451883351,134.91365081498114,Golden Angle
2,186,150.5781205449511,-44.443555361268885,Golden Angle
9,187,-140.60359732737064,-68.72320145775092,Golden Angle
4,188,57.071938360409,145.18537754121684,Golden Angle
8,189,55.80879274486042,-145.14003118492573,Golden Angle
9,190,-138.7447854434043,69.1005391604415,Golden Angle
5,191,148.5022405375345,42.63020707587807,Golden Angle
4,192,-80.44345931245405,-131.31964763067845,Golden Angle
9,193,-29.293226402823834,150.6789862154405,Golden Angle
3,194,122.98021011415605,-91.02124982814745,Golden Angle
0,195,-151.6684766940993,-15.903558636087133,Golden Angle
3,196,100.7614628165625,113.80302109815229,Golden Angle
8,197,2.566000769457792,-151.47826788041624,Golden Angle
1,198,-103.87024763595366,109.59914076326358,Golden Angle
9,199,150.12508936032538,-10.616380953711168,Golden Angle
6,200,-117.47724020675642,-93.26895535709646,Golden Angle
4,201,23.543047422325696,147.63459932573437,Golden Angle
4,202,82.09035747912512,-124.34698713257771,Golden Angle
2,203,-144.04107095326304,36.11675343434184,Golden Angle
8,204,130.16816198713124,70.42903949999571,Golden Angle
8,205,-48.24427902067603,-139.3870135334535,Golden Angle
1,206,-58.382166096527236,134.90931280633487,Golden Angle
0,207,133.7227321432686,-59.83711981821688,Golden Angle
9,208,-138.54789555345795,-46.04867682906979,Golden Angle
7,209,70.81213138506298,127.10583011295972,Golden Angle
5,210,33.528477272748084,-141.07034136121885,Golden Angle
6,211,-119.60065895736474,81.09212277998479,Golden Angle
6,212,142.47205097033859,20.921632161598748,Golden Angle
5,213,-90.60639519084268,-111.27772081832393,Golden Angle
9,214,-8.327567044440238,142.75731724545804,Golden Angle
3,215,102.21302879649733,-99.29122188918014,Golden Angle
3,216,-141.93917722486992,4.155715188383892,Golden Angle
4,217,107.09026630612686,92.48743083512932,Golden Angle
4,218,-16.432396738523448,-140.03919571829795,Golden Angle
6,219,-82.18590305335555,113.95493556360096,Golden Angle
1,220,137.08718300256405,-28.40958036334779,Golden Angle
2,221,-119.84466734997017,-71.39681861102073,Golden Angle
8,222,39.997992224749005,133.1208496742299,Golden Angle
4,223,60.21119831963853,-124.72714859609819,Golden Angle
7,224,-128.1854021972486,51.11264680614386,Golden Angle
5,225,128.5784649812935,48.72194929448405,Golden Angle
6,226,-61.67346894926362,-122.33308312866237,Golden Angle
4,227,-37.023097970700285,131.38318087431102,Golden Angle
8,228,115.62266041309991,-71.60586846758426,Golden Angle
2,229,-133.13434988746715,-25.20902378200061,Golden Angle
3,230,80.84126323161601,108.11887050425827,Golden Angle
3,231,13.373699724774985,-133.83345678742498,Golden Angle
7,232,-99.89182039606845,89.31754708879774,Golden Angle
8,233,133.49029205970646,1.6099459041443673,Golden Angle
6,234,-96.97949947339114,-91.01635392549258,Golden Angle
7,235,9.99129801616797,132.12276096097946,Golden Angle
8,236,81.5713879413679,-103.77913407481708,Golden Angle
3,237,-129.75662940953717,21.341675760727718,Golden Angle
1,238,109.67598446286205,71.6392241171137,Golden Angle
6,239,-32.35608735263627,-126.42520955580248,Golden Angle
5,240,-61.30484231963056,114.63732510908144,Golden Angle
2,241,122.16898833761512,-42.9533268625803,Golden Angle
7,242,-118.63832679244676,-50.655181530506916,Golden Angle
1,243,53.056680219587406,117.03520275573689,Golden Angle
2,244,39.77841434930025,-121.66214592820309,Golden Angle
0,245,-111.07736600028169,62.59447868973322,Golden Angle
1,246,123.69994790786862,28.763221092057616,Golden Angle
9,247,-71.50060404460838,-104.35474891568727,Golden Angle
0,248,-17.69806943209535,124.75086508067481,Golden Angle
9,249,96.93182160781444,-79.71494188538833,Golden Angle
1,250,-124.82189053809084,-6.670505415398988,Golden Angle
4,251,87.18378005688706,88.87766026956572,Golden Angle
5,252,-4.233538478737049,-123.92770937909347,Golden Angle
6,253,-80.265324529219,93.86014957488165,Golden Angle
4,254,122.09046963039509,-14.930412768224999,Golden Angle
8,255,-99.7041059950006,-71.17121080702286,Golden Angle
5,256,25.339392676365804,119.3394954689894,Golden Angle
6,257,61.67438729945066,-104.68294966821179,Golden Angle
6,258,-115.71094584040907,35.38328719491617,Golden Angle
9,259,108.77138385200332,51.85591629621589,Golden Angle
2,260,-44.98901090773084,-111.24742198156358,Golden Angle
3,261,-41.798169572478294,111.95161017328134,Golden Angle
4,262,105.99752773877846,-54.0881143437899,Golden Angle
6,263,-114.21336146438506,-31.584142587787966,Golden Angle
0,264,62.617269022810994,100.01538691683851,Golden Angle
3,265,21.296773164797965,-115.55387251307133,Golden Angle
4,266,-93.360122200928,70.51870377869825,Golden Angle
8,267,115.97778977656141,11.018270215588704,Golden Angle
6,268,-77.74058939198625,-86.09530045819339,Golden Angle
1,269,-0.8294579329404582,115.4970216046175,Golden Angle
0,270,78.28834944742565,-84.23736902822742,Golden Angle
4,271,-114.13053099312233,9.190859330222612,Golden Angle
5,272,89.97003246084002,70.00995114264396,Golden Angle
4,273,-18.96650650564504,-111.90407334396421,Golden Angle
3,274,-61.33341700812379,94.9063325500864,Golden Angle
2,275,108.84988213559384,-28.424516866031833,Golden Angle
6,276,-99.02094295032951,-52.33405064800151,Golden Angle
6,277,37.495676291276766,105.0063058080789,Golden Angle
4,278,43.08850329275339,-102.29555652124084,Golden Angle
8,279,-100.41739953377477,46.11502868777433,Golden Angle
2,280,104.718924420941,33.6741275777302,Golden Angle
1,281,-54.222338878868776,-95.13247587709003,Golden Angle
3,282,-24.16833501606878,106.28683635592445,Golden Angle
3,283,89.2056186418166,-61.762509686141975,Golden Angle
9,284,-107.00204294994907,-14.647962470502724,Golden Angle
3,285,68.68595034606733,82.69516445994635,Golden Angle
6,286,5.188652787567788,-106.87412166773612,Golden Angle
0,287,-75.66315689030075,74.94889385036802,Golden Angle
7,288,105.91928818573079,-4.135745425930889,Golden Angle
2,289,-80.51366125814252,-68.17477796670173,Golden Angle
6,290,13.253754127062486,104.16015553722725,Golden Angle
0,291,60.29776226363067,-85.34887149809701,Golden Angle
2,292,-101.62544376982707,22.096813765466663,Golden Angle
4,293,89.42959565728523,52.101798630896326,Golden Angle
9,294,-30.599798616341776,-98.34964323595347,Golden Angle
1,295,-43.65792478804448,92.73745523358645,Golden Angle
4,296,94.37263498915894,-38.70149564555581,Golden Angle
1,297,-95.26066430902645,-35.037919963990056,Golden Angle
2,298,46.34504339187454,89.73927207753174,Golden Angle
7,299,26.313700718187736,-96.99401607580566,Golden Angle
3,300,-84.49892580827023,53.47832773421813,Golden Angle
7,301,97.9388146125693,17.556724987445175,Golden Angle
2,302,-60.05433181700646,-78.70500130241335,Golden Angle
4,303,-8.837409268446287,98.10275326116988,Golden Angle
5,304,72.41442686409485,-66.0314378303597,Golden Angle
8,305,-97.4997413902074,-0.22456367176301184,Golden Angle
7,306,71.37367878038044,65.68712185318421,Golden Angle
0,307,-8.215150629508589,-96.14968174744254,Golden Angle
0,308,-58.585447872802334,76.05093883406806,Golden Angle
6,309,94.07820099541985,-16.41773728214041,Golden Angle
6,310,-80.03910127965328,-51.173648163340914,Golden Angle
0,311,24.32234997428071,91.31633639020242,Golden Angle
6,312,43.51728013201908,-83.32014360232091,Golden Angle
3,313,-87.90018189915239,31.871743317489265,Golden Angle
1,314,85.88217963344995,35.68264594179969,Golden Angle
5,315,-39.012686051917434,-83.8704973576199,Golden Angle
5,316,-27.736226036142675,87.71944918472757,Golden Angle
8,317,79.27228453394834,-45.69633360313204,Golden Angle
8,318,-88.83225602294789,-19.74412038743279,Golden Angle
1,319,51.87855740624249,74.15433420540705,Golden Angle
7,320,11.771502128169475,-89.22685547326266,Golden Angle
4,321,-68.56874854289157,57.52022881788376,Golden Angle
8,322,88.91529335451966,3.88208805666646,Golden Angle
8,323,-62.58745585556852,-62.57044325819709,Golden Angle
1,324,3.8623696950851416,87.91519834669366,Golden Angle
5,325,56.21663408343137,-67.05177143319617,Golden Angle
2,326,-86.24953026406472,11.402566782447938,Golden Angle
0,327,70.89027219728615,49.56631222710319,Golden Angle
9,328,-18.68210078003506,-83.94628705573948,Golden Angle
2,329,-42.679713485372375,74.08570750695793,Golden Angle
0,330,81.03817367459895,-25.64789284688971,Golden Angle
9,331,-76.6265185379929,-35.61778568000308,Golden Angle
6,332,32.25057377444005,77.56223624431802,Golden Angle
2,333,28.44165904721202,-78.50682792370446,Golden Angle
8,334,-73.55946520955936,38.44483161731401,Golden Angle
2,335,79.7263807691485,21.212124114589447,Golden Angle
9,336,-44.18971847800149,-69.07437137488097,Golden Angle
2,337,-13.98912147807337,80.29043828670825,Golden Angle
5,338,64.15453892190601,-49.44891440383345,Golden Angle
4,339,-80.20962569713464,-6.831247728311227,Golden Angle
0,340,54.190946755983056,58.850159640312015,Golden Angle
9,341,-0.20471842144754032,-79.49973641697134,Golden Angle
1,342,-53.213552715826744,58.38936382047614,Golden Angle
7,343,78.18149490831875,-7.064265984554192,Golden Angle
1,344,-62.02286184793796,-47.29867448662385,Golden Angle
5,345,13.695573967147698,76.28028089690275,Golden Angle
3,346,41.16062260842149,-65.0753651275742,Golden Angle
6,347,-73.82581796691974,20.04990278069273,Golden Angle
4,348,67.53605911831704,34.85513905821041,Golden Angle
3,349,-26.081951845033654,-70.85182981372708,Golden Angle
6,350,-28.438116357393906,69.39937707244442,Golden Angle
7,351,67.39566767605515,-31.750180763245012,Golden Angle
8,352,-70.66494099074801,-21.965111308028952,Golden Angle
9,353,37.017091805811134,63.4979126762459,Golden Angle
2,354,15.490870411959905,-71.33745814002532,Golden Angle
5,355,-59.20195696859417,41.849471813736486,Golden Angle
9,356,71.42657473998469,9.06887098339046,Golden Angle
0,357,-46.21859201464432,-54.553567731027975,Golden Angle
3,358,-2.7508817726007257,70.94668878441878,Golden Angle
6,359,49.60043813328274,-50.10036463925579,Golden Angle
0,360,-69.91672429775693,3.4134533058835097,Golden Angle
0,361,53.47545562429906,44.391729474910335,Golden Angle
1,362,-9.377005001029717,-68.35986964009413,Golden Angle
1,363,-38.97760870875774,56.329353088305325,Golden Angle
3,364,66.30328275899923,-15.095519049711264,Golden Angle
3,365,-58.652391665348766,-33.40878555012927,Golden Angle
0,366,20.52794424295817,63.7777665425656,Golden Angle
5,367,27.736053319216083,-60.43973317506955,Golden Angle
3,368,-60.81741765330146,25.636725804671226,Golden Angle
0,369,61.691304491847525,22.009837575369634,Golden Angle
5,370,-30.388061996854244,-57.45925241486651,Golden Angle
4,371,-16.279756477553683,62.41169384844117,Golden Angle
8,372,53.7428134819578,-34.75212222359225,Golden Angle
8,373,-62.61000716657643,-10.59419664728044,Golden Angle
2,374,38.70322527559004,49.70976114674992,Golden Angle
0,375,4.999908120251719,-62.29968634583196,Golden Angle
4,376,-45.403453222445094,42.21997673468378,Golden Angle
6,377,61.49829175987316,-0.45837824721155873,Golden Angle
6,378,-45.28536493990212,-40.86851749525402,Golden Angle
5,379,5.738307798806567,60.22725150300448,Golden Angle
2,380,36.15042075039979,-47.8868152999243,Golden Angle
1,381,-58.51158019773313,10.800230681066212,Golden Angle
3,382,50.01620311772165,31.29503835573319,Golden Angle
8,383,-15.60749947936445,-56.379570413418705,Golden Angle
4,384,-26.348228328811093,51.66982546837986,Golden Angle
1,385,53.86245995524218,-20.12673365377335,Golden Angle
4,386,-52.84833303729785,-21.355413720620195,Golden Angle
6,387,24.328048873892946,50.994078460047454,Golden Angle
9,388,16.361177022891212,-53.55662317982358,Golden Angle
5,389,-47.810476879866854,28.185249697664855,Golden Angle
1,390,53.8036958021151,11.408870147103187,Golden Angle
9,391,-31.67598439578544,-44.34954354396398,Golden Angle
4,392,-6.5402433342789745,53.60247398328196,Golden Angle
1,393,40.65061056559266,-34.78186108655669,Golden Angle
5,394,-52.969591558362296,-1.795096136777521,Golden Angle
1,395,37.488524713298865,36.75405439975813,Golden Angle
1,396,-2.789046630794658,-51.92515015761874,Golden Angle
6,397,-32.700894363193285,39.78569476391324,Golden Angle
0,398,50.4924484478299,-7.177231342463452,Golden Angle
9,399,-41.6671639967221,-28.532392897727068,Golden Angle
4,400,11.337342073759773,48.697686543639385,Golden Angle
3,401,24.28966129382095,-43.13075879498825,Golden Angle
3,402,-46.56964874982929,15.240335144527604,Golden Angle
0,403,44.17826212133343,20.01327449316468,Golden Angle
5,404,-18.86043998284523,-44.1393679571139,Golden Angle
7,405,-15.742898459032974,44.815300379542,Golden Angle
2,406,41.43977514349411,-22.175324936889826,Golden Angle
7,407,-45.051195811996685,-11.516933442072697,Golden Angle
0,408,25.1662270064801,38.50533752946872,Golden Angle
3,409,7.372176279044136,-44.89878636344972,Golden Angle
6,410,-35.37168899786334,27.818044816960693,Golden Angle
5,411,44.374215223375685,3.3435046447603307,Golden Angle
7,412,-30.119394511787704,-32.075256417420775,Golden Angle
5,413,0.5364140647329325,43.49669251737604,Golden Angle
9,414,28.652885503616385,-32.06262859337409,Golden Angle
5,415,-42.288231850834556,4.237386804395152,Golden Angle
9,416,33.64381809122344,25.141469810746276,Golden Angle
1,417,-7.731929779097323,-40.77336461332457,Golden Angle
9,418,-21.57758637681536,34.86269877893954,Golden Angle
5,419,38.97883512847578,-10.995472342155312,Golden Angle
3,420,-35.722582494252805,-17.99714143805352,Golden Angle
0,421,14.006528382365579,36.933279879723486,Golden Angle
9,422,14.435029494225306,-36.23023493576664,Golden Angle
2,423,-34.66689415647987,16.746834015521316,Golden Angle
1,424,36.395721613850384,10.924808840757997,Golden Angle
8,425,-19.20145073157362,-32.211089546970484,Golden Angle
6,426,-7.498396490842058,36.2322239183041,Golden Angle
1,427,29.598145752755613,-21.358833488714563,Golden Angle
1,428,-35.75582752959389,-4.185785192044125,Golden Angle
7,429,23.210863587514062,26.86086021559648,Golden Angle
3,430,1.0147849998277134,-34.985285641311044,Golden Angle
8,431,-24.032199029922186,24.752846498659647,Golden Angle
1,432,33.94175967697711,-1.9892083928866864,Golden Angle
9,433,-25.98347515367991,-21.144952564101416,Golden Angle
3,434,4.803416652780454,32.64854037257702,Golden Angle
2,435,18.231399131712973,-26.904759536189417,Golden Angle
6,436,-31.1307522556902,7.407851510042534,Golden Angle
1,437,27.521923728675546,15.32297994102211,Golden Angle
1,438,-9.78545585982323,-29.415044681513763,Golden Angle
7,439,-12.449988408163142,27.843271873768774,Golden Angle
9,440,27.52927268442393,-11.922212272335639,Golden Angle
3,441,-27.880024796552274,-9.641276748627758,Golden Angle
1,442,13.80721824997368,25.502170970283956,Golden Angle
0,443,6.923982564337437,-27.64612930319091,Golden Angle
5,444,-23.363024409056436,15.432727900855154,Golden Angle
1,445,27.15804241859994,4.323277921846604,Golden Angle
1,446,-16.794160029887554,-21.141338389291423,Golden Angle
8,447,-1.8621431733041132,26.434493049841468,Golden Angle
5,448,18.866512365913696,-17.89007297768306,Golden Angle
4,449,-25.496223760472105,0.43883249188926443,Golden Angle
8,450,18.722106861344066,16.567519870892365,Golden Angle
0,451,-2.5616220576622326,-24.36571551245106,Golden Angle
7,452,-14.27259816360394,19.294894186294194,Golden Angle
4,453,23.066898374995723,-4.490901842349667,Golden Angle
4,454,-19.615940102026794,-12.008950575037648,Golden Angle
6,455,6.214161705435772,21.624851312753474,Golden Angle
2,456,9.802464448752863,-19.695473864087056,Golden Angle
3,457,-20.065494247936996,7.721783510692801,Golden Angle
7,458,19.546273337141823,7.677447403254459,Golden Angle
9,459,-9.007087377627833,-18.41527564202549,Golden Angle
9,460,-5.656384437018533,19.18346462713799,Golden Angle
6,461,16.70085886194114,-10.06634557689741,Golden Angle
2,462,-18.62429916200821,-3.7597181708234815,Golden Angle
7,463,10.89876424862625,14.948810583215854,Golden Angle
4,464,2.0056542745296446,-17.88791074807399,Golden Angle
9,465,-13.185294438908723,11.506433442178455,Golden Angle
5,466,16.995055311327963,0.40999385959208473,Golden Angle
6,467,-11.894246289198357,-11.435773048285416,Golden Angle
7,468,1.0140056633785464,15.967836187619042,Golden Angle
3,469,9.72472145463894,-12.069788425224575,Golden Angle
5,470,-14.829417951929571,2.255740057495312,Golden Angle
1,471,12.043199066551042,8.075354867956216,Golden Angle
8,472,-3.3073371637355407,-13.60373187347405,Golden Angle
8,473,-6.5093734469739415,11.827005425205089,Golden Angle
5,474,12.315176149363046,-4.163704649727159,Golden Angle
7,475,-11.435932403514421,-5.046726668073961,Golden Angle
5,476,4.822546333520829,10.988314104586054,Golden Angle
2,477,3.705399617327732,-10.886689748307678,Golden Angle
7,478,-9.647573549832126,5.2843471309689285,Golden Angle
2,479,10.197739061137124,2.5012233088946982,Golden Angle
4,480,-5.552326991911519,-8.316950461250253,Golden Angle
8,481,-1.447710880194725,9.3890432530352,Golden Angle
9,482,7.0197200880042985,-5.6323645022378415,Golden Angle
1,483,-8.481801198458133,-0.5559212442731369,Golden Angle
2,484,5.532891133091897,5.778158505038873,Golden Angle
2,485,-0.16564850482409796,-7.498170481714159,Golden Angle
7,486,-4.613277510761416,5.264757412141888,Golden Angle
9,487,6.46098123906611,-0.7111409342990624,Golden Angle
3,488,-4.841072572159705,-3.5445756235525594,Golden Angle
8,489,1.077385668556448,5.393444179852905,Golden Angle
1,490,2.589807758591639,-4.27701949651139,Golden Angle
8,491,-4.318855919686796,1.263915956456884,Golden Angle
3,492,3.5896470270491223,1.7647759691239557,Golden Angle
0,493,-1.27295434205029,-3.260304777632808,Golden Angle
1,494,-1.0831434159281847,2.7976419250024516,Golden Angle
1,495,2.240380177132636,-1.1093676856259773,Golden Angle
9,496,-1.9210829776711342,-0.5562734875061079,Golden Angle
4,497,0.7805920936315057,1.2808887474562272,Golden Angle
9,498,0.19309573374507222,-0.9811799211202052,Golden Angle
1,499,-0.40258014909714934,0.29652862181063905,Golden Angle
