Date,Ticker,Price_Open,Price_Low,Price_High,Price_Close
2025-01-02,ASML,697.743519951944,688.8404498857753,704.29221777039,692.87646484375
2025-01-03,ASML,695.5868727647181,695.0131628923871,709.8417094936302,706.666259765625
2025-01-06,ASML,742.970959483245,741.5761719783276,772.6775604905348,760.2330322265625
2025-01-07,ASML,766.6532061100252,745.3748603677358,770.006710108715,749.4208374023438
2025-01-08,ASML,744.8901587022395,729.062479367265,745.2166214943088,735.96728515625
2025-01-10,ASML,742.9116998432434,727.4797366207907,743.2084567556357,731.0508422851562
2025-01-13,ASML,713.4326651679513,709.8615594732897,721.1486468446373,719.5757446289062
2025-01-14,ASML,729.5966448751168,720.2187641506291,731.5553612579592,728.360107421875
2025-01-15,ASML,731.4960225121644,717.3796913811944,736.4520139930172,718.4777221679688
2025-01-16,ASML,750.627660860358,740.399057167767,763.2502444621117,742.199462890625
2025-01-17,ASML,759.639503875528,743.4062678269369,760.9156490848482,748.1842651367188
2025-01-21,ASML,754.7824096679688,747.3532834982067,759.4614477490769,754.7824096679688
2025-01-22,ASML,769.3735296168687,757.6412778764175,776.3673920269636,758.4524536132812
2025-01-23,ASML,732.0400586797998,728.0732369538823,739.6966887666651,738.2029418945312
2025-01-24,ASML,741.2893578020246,721.4454069661073,741.9224794751835,724.3636474609375
2025-01-27,ASML,665.5440235296726,664.7032021889245,683.1622072442319,682.7171020507812
2025-01-28,ASML,671.4892503632057,659.4206333940788,685.9814926856994,675.990234375
2025-01-29,ASML,719.328406965015,697.01138223278,720.6144541720248,704.9747314453125
2025-01-30,ASML,732.1290418392966,722.7116140295241,737.5599648337587,729.0525512695312
2025-01-31,ASML,740.0330631963268,729.8242028209891,746.4728994824889,731.3475952148438
2025-02-03,ASML,711.3848960183141,710.1879061147455,727.529135077355,723.1864013671875
2025-02-04,ASML,728.9635769713058,721.4256495549705,734.691196666737,723.5326538085938
2025-02-05,ASML,721.3860292764931,714.6197303219935,735.2056028866929,734.59228515625
2025-02-06,ASML,729.7450011698505,727.0938723056247,734.4141372769881,731.1694946289062
2025-02-07,ASML,731.0903450702624,715.9551396851217,734.3251461621714,719.8626098632812
2025-02-10,ASML,728.7854449733491,727.9545256438043,737.5302641198838,736.0662231445312
2025-02-11,ASML,738.2074324960228,737.4243102208173,746.9508961924682,746.4453125
2025-02-12,ASML,731.9422475701772,727.1938390930678,750.222219505507,749.6076049804688
2025-02-13,ASML,748.2198116777251,746.2173227153312,770.2469482421875,770.2469482421875
2025-02-14,ASML,771.4662391539214,742.1826219102591,771.6050386943122,745.0277099609375
2025-02-18,ASML,750.8666559168112,732.1901298332247,752.3437154608381,737.7613525390625
2025-02-19,ASML,737.5036274633843,735.2533081058058,746.3362761550027,738.3363037109375
2025-02-20,ASML,744.8295013985465,733.9943629683587,748.9534333670558,736.6412353515625
2025-02-21,ASML,737.692030535121,726.8370463593836,739.2384898899198,730.812255859375
2025-02-24,ASML,739.6547208311648,728.3239232672267,744.3634979892418,729.572998046875
2025-02-25,ASML,725.8357314881208,719.9076479533184,732.5667830619365,723.8530883789062
2025-02-26,ASML,737.3648801530406,732.497456947423,747.2285427142991,740.4478759765625
2025-02-27,ASML,736.9682742989489,690.86189779233,738.3363029239387,691.6450805664062
2025-02-28,ASML,700.6859949308807,691.456792539111,707.3080164719514,702.9263916015625
2025-03-03,ASML,715.7838074687028,686.470418108913,725.9944086791085,693.786376953125
2025-03-04,ASML,692.2101292908774,686.6785380107607,715.0402334942783,702.07373046875
2025-03-05,ASML,725.2706898704156,713.0576007382447,734.1231843234468,733.3301391601562
2025-03-06,ASML,712.6115012932921,704.8296510082574,724.8245905517285,708.6363525390625
2025-03-07,ASML,719.8580719934454,709.2906102782334,727.6300600198788,725.865478515625
2025-03-10,ASML,691.9226494036633,670.1334194180632,692.933816824299,677.1817016601562
2025-03-11,ASML,692.7553570965878,675.3477524890756,695.90775247535,684.2200927734375
2025-03-12,ASML,698.029206134582,690.6934020904054,702.1530773692939,697.265869140625
2025-03-13,ASML,691.7838678415512,682.2869903032084,699.1790879961549,688.5620727539062
2025-03-14,ASML,701.5383688964481,699.2384958310726,713.78122532399,707.8035278320312
2025-03-17,ASML,711.8184246850712,710.9857484686954,728.1752302097168,723.9918823242188
2025-03-18,ASML,723.5656762793335,713.7416451198153,727.8184242567984,724.76513671875
2025-03-19,ASML,722.7825120714739,718.7676714991708,740.2694404591402,728.5321655273438
2025-03-20,ASML,718.7180659922631,717.9448061198254,729.0179116953179,727.6895141601562
2025-03-21,ASML,705.6128466881228,705.0379236696276,715.0998025589861,710.00439453125
2025-03-24,ASML,721.7119130996489,720.0365771299109,725.5978769356999,721.5235595703125
2025-03-25,ASML,725.7068210842547,719.1244317465764,728.6213087394309,720.4329833984375
2025-03-26,ASML,709.6871472338258,696.1456604933645,713.7416186353,699.6351318359375
2025-03-27,ASML,692.4282482414635,683.020615482672,696.3836119361699,684.636474609375
2025-03-28,ASML,679.1841382571438,666.2176354441867,681.4740886169707,668.7257080078125
2025-03-31,ASML,654.5300281471808,647.2140696880455,659.3874678237927,656.8794555664062
2025-04-01,ASML,658.8026037872297,650.6539087623106,664.8199331673261,661.548583984375
2025-04-02,ASML,658.6241398020784,655.0950375006734,670.5199984142929,663.2040405273438
2025-04-03,ASML,643.8931300247573,617.4149090414701,645.3205750039004,617.8114013671875
2025-04-04,ASML,616.5524360198191,592.5029660860815,620.9439831252056,600.2947387695312
2025-04-07,ASML,581.4100828123268,573.4894333940188,647.1842427441525,610.4954833984375
2025-04-08,ASML,626.535149948098,577.8315107832602,632.3641262891969,590.2031860351562
2025-04-09,ASML,612.6566151283126,601.6033547156502,686.282031684315,681.2957153320312
2025-04-10,ASML,650.4754466743086,622.1831513256607,655.9177923209421,643.9129028320312
2025-04-11,ASML,650.3664479119333,645.7369929712416,666.1681166710456,663.0057983398438
2025-04-14,ASML,670.5696040838887,656.9785627897544,674.1284753487955,667.0305786132812
2025-04-15,ASML,673.4840978859086,670.8174402649297,681.5633934212545,677.2312622070312
2025-04-16,ASML,641.3851206605827,618.7532299869312,647.4619273397368,629.4198608398438
2025-04-17,ASML,638.7679326842676,631.4024209062844,642.039281663593,634.6043701171875
2025-04-21,ASML,626.515235046758,608.7309235810665,628.1608022379246,619.2686767578125
2025-04-22,ASML,633.2661705525093,625.5239510117115,640.0071455621594,633.147216796875
2025-04-23,ASML,658.4853196474992,649.1073962865103,660.7058701713828,652.2697143554688
2025-04-24,ASML,660.7456248108546,656.8100465381145,672.433284864823,669.14208984375
2025-04-25,ASML,661.1123949349444,658.8224444740825,675.8334963968468,671.3923950195312
2025-04-28,ASML,668.4002206961812,657.3724512475702,670.6575091711933,668.9869384765625
2025-04-29,ASML,661.8770107186235,659.2816630818252,669.8520511628335,662.3742065429688
2025-04-30,ASML,653.9020322141702,647.8064065406456,665.745210067804,664.3331909179688
2025-05-01,ASML,671.3636107793201,658.7447771100852,671.3636107793201,662.9808349609375
2025-05-02,ASML,682.4708539745001,681.7548604582548,691.1021658271566,686.4583740234375
2025-05-05,ASML,681.1582826984585,678.9009942231327,686.5478684668337,679.5274658203125
2025-05-06,ASML,672.5170374869934,671.7115826505374,682.5206154019357,676.1763916015625
2025-05-07,ASML,681.9339875698596,679.6269914804316,698.0232384271052,696.4620361328125
2025-05-08,ASML,707.131779250657,701.742193547705,712.7898701185269,704.0591430664062
2025-05-09,ASML,705.2325647711305,699.952347231678,706.5252618523934,702.2493896484375
2025-05-12,ASML,726.3235191251541,725.2893736769099,746.3108273515954,745.9926147460938
2025-05-13,ASML,741.0803093064528,740.3643157789271,760.5803144313772,759.6157836914062
2025-05-14,ASML,760.7096116066422,759.9837251244679,769.3608310928955,764.59765625
2025-05-15,ASML,759.387090040465,750.974575129636,762.6984313845426,754.1068725585938
2025-05-16,ASML,748.6575790583036,738.0474373062266,749.2243895734288,743.9043579101562
2025-05-19,ASML,735.5812834910264,733.1351189830024,745.7937047092224,744.9285888671875
2025-05-20,ASML,741.4482791417564,737.1425461389333,744.7794670192488,744.5607299804688
2025-05-21,ASML,744.8093298879782,731.3651348093387,751.5512739899704,733.0357055664062
2025-05-22,ASML,732.190518881676,730.0327058423081,743.019459283614,736.5459594726562
2025-05-23,ASML,720.5361930213171,718.4679020086321,731.8623289166513,728.3819580078125
2025-05-27,ASML,747.1560684093436,745.7440492240481,756.9409092016988,752.545654296875
2025-05-28,ASML,747.9217944338652,740.6328862142576,752.147959196326,742.3233642578125
2025-05-29,ASML,753.5798520078197,740.6627139984357,755.2901765379776,742.8801879882812
2025-05-30,ASML,740.8317784777769,718.9452072032368,741.776462741995,732.6380004882812
2025-06-02,ASML,729.17746468577,728.5509930620548,742.7608892369426,742.34326171875
2025-06-03,ASML,728.5510023711577,728.09362102872,744.3519011839113,743.0592041015625
2025-06-04,ASML,746.9671112442705,736.2574937681106,748.5482206702546,738.6142578125
2025-06-05,ASML,749.9006154706283,739.8274227224866,752.2175651191208,743.5663452148438
2025-06-06,ASML,751.8198039898039,748.5780772605609,757.8259081499018,748.796875
2025-06-09,ASML,752.8142317613713,752.8142317613713,777.8132554517866,765.8805541992188
2025-06-10,ASML,774.7405061325005,772.1352047227919,783.8690146943798,780.567626953125
2025-06-11,ASML,785.6191627343969,776.3116708431019,792.7787952249521,779.692626953125
2025-06-12,ASML,781.0350191842206,777.9524291917228,785.1418617601677,781.8007202148438
2025-06-13,ASML,762.5890371263537,755.6083882292647,768.5951409224083,756.7320556640625
2025-06-16,ASML,762.0719672305706,761.6841398987633,774.8200761906348,770.8822631835938
2025-06-17,ASML,762.479683852508,753.9577398457294,768.8736150913006,755.5984497070312
2025-06-18,ASML,760.4411054421563,750.0099467670171,763.6927855523527,757.3684692382812
2025-06-20,ASML,764.0607959601914,732.1209373094996,764.6972212563624,752.2872314453125
2025-06-23,ASML,756.9906144639774,755.5487344000045,776.3712984538782,775.3470458984375
2025-06-24,ASML,781.7012276457973,781.7012276457973,808.897876462445,808.7984008789062
2025-06-25,ASML,812.1693877962028,801.6984144903944,814.9437186764387,810.6678466796875
2025-06-26,ASML,795.274752964996,782.0891086943337,796.3884668657502,793.6141357421875
2025-06-27,ASML,798.4368722409815,784.0281462510455,800.972558931743,791.486083984375
2025-06-30,ASML,792.0130716750405,789.5867535303265,797.9396679807456,796.8955688476562
2025-07-01,ASML,783.6303323506069,778.1512246153421,791.0385623261725,786.0367431640625
2025-07-02,ASML,771.8865702450128,768.5255215883753,796.0105215586326,795.1056518554688
2025-07-03,ASML,782.5563909730647,782.1984245346881,794.0516170545371,790.044189453125
2025-07-07,ASML,781.0548707308803,779.4041466388147,789.039803951133,780.6869506835938
2025-07-08,ASML,778.2705798836215,774.3626277924599,793.91240256896,789.6464233398438
2025-07-09,ASML,788.4630653225274,788.0255305639158,796.4083056769584,795.3442993164062
2025-07-10,ASML,804.3932801252495,793.5245859986609,806.5510931458083,797.5916748046875
2025-07-11,ASML,792.5997662249832,792.0528629515844,798.6854383172813,797.4324951171875
2025-07-14,ASML,793.1466729278442,785.4401375440519,808.2117308907201,802.20556640625
2025-07-15,ASML,818.364482362576,809.643708206066,821.9244217318306,818.404296875
2025-07-16,ASML,750.1292280517152,726.5024740747222,756.6325879178869,750.21875
2025-07-17,ASML,742.6316219531788,737.8386466419847,752.6053392147537,740.7322998046875
2025-07-18,ASML,747.8621207235176,730.2116681902779,747.8720743512941,730.4602661132812
2025-07-21,ASML,726.9003199579485,715.2858323886845,728.7896884319703,715.643798828125
2025-07-22,ASML,714.2814378672218,697.2574582899545,715.0272315777663,701.5233764648438
2025-07-23,ASML,711.1989161155722,704.1586058211379,715.9321696688962,712.9092407226562
2025-07-24,ASML,718.9550908445634,714.3311455604235,722.5547836332954,721.0134887695312
2025-07-25,ASML,705.1629564427952,702.6371626393238,709.15047693703,707.2611083984375
2025-07-28,ASML,731.0270298488058,724.4043476160888,731.2855206901806,725.8959350585938
2025-07-29,ASML,720.4996719501718,713.4913978183814,724.6767442539187,716.2727661132812
2025-07-30,ASML,714.6777679587716,713.2920427483815,721.7857704013534,719.2236938476562
2025-07-31,ASML,704.2200894601058,689.0769630324712,705.3565252015842,692.566162109375
2025-08-01,ASML,687.8706603630097,681.370761608603,691.290068083198,687.6912231445312
2025-08-04,ASML,693.4334788291278,690.7617565272441,697.2915312619601,697.2017822265625
2025-08-05,ASML,692.5760894203241,682.1284498010078,693.4833152666877,687.5018310546875
2025-08-06,ASML,685.5279756939797,683.3247737229696,690.2931932465125,688.8277587890625
2025-08-07,ASML,711.8165584681042,704.4393704804957,714.6876756748749,710.9193115234375
2025-08-08,ASML,710.2114903682791,708.257577830613,721.267293625049,720.0909423828125
2025-08-11,ASML,721.7658078059777,717.299652112632,729.6015380222949,719.0841064453125
2025-08-12,ASML,723.2910830793179,721.247360590399,741.056037983145,739.5008544921875
2025-08-13,ASML,748.3135845343463,745.2330934035872,753.8664029929149,753.2383422851562
2025-08-14,ASML,744.9739347249417,742.2622969623874,754.6639097493397,752.8794555664062
2025-08-15,ASML,736.2210113631681,734.386662774856,744.8443420638279,739.8696899414062
2025-08-18,ASML,737.3873548733659,737.158084126354,745.6916654576119,745.2430419921875
2025-08-19,ASML,749.2207060584815,739.4210855044983,753.3579233889889,741.315185546875
2025-08-20,ASML,748.4830178924232,735.9019680992993,751.1148854516533,747.1770629882812
2025-08-21,ASML,737.0783559224809,729.8507290745158,739.2117665884236,733.130615234375
2025-08-22,ASML,739.3912289139497,738.0852739006177,759.2198646048863,752.5604858398438
2025-08-25,ASML,752.420858063859,749.7690935380756,755.9200360163785,752.1317749023438
2025-08-26,ASML,756.4285264984584,753.5773059463345,761.1439106916206,760.8448486328125
2025-08-27,ASML,757.6546995484985,755.4514975304872,768.202067534582,767.6238403320312
2025-08-28,ASML,767.623799728969,758.5219698072955,770.7840001530859,761.10400390625
2025-08-29,ASML,750.6762808284581,737.5070243024344,751.2744049206751,740.3283081054688
2025-09-02,ASML,714.9967551486242,713.9898622121534,724.9559168763125,723.6100463867188
2025-09-03,ASML,729.96036256266,727.3085980128288,736.0216169081646,734.5462036132812
2025-09-04,ASML,734.7754629911542,733.1604671537087,754.5642427078868,751.1049194335938
2025-09-05,ASML,772.4887586504287,763.8754067140829,780.6833628789379,779.2877197265625
2025-09-08,ASML,787.2131774742993,784.3221024877048,796.2352371543366,793.7927856445312
2025-09-09,ASML,792.7460971575165,790.6724988115883,803.3532776866481,802.6454467773438
2025-09-10,ASML,804.3301590006873,788.5789300049237,807.1015482742141,790.6923828125
2025-09-11,ASML,797.2222289974485,796.0458776759176,806.6530581692293,801.6784057617188
2025-09-12,ASML,806.0249328359564,803.8117520989114,813.262538266084,811.3583984375
2025-09-15,ASML,832.3534325330107,831.3465396166172,866.0391360566547,864.62353515625
2025-09-16,ASML,877.2245573525553,864.8927353408033,878.7398861894857,875.709228515625
2025-09-17,ASML,865.5506753237194,858.5224433661755,874.921691831648,869.5782470703125
2025-09-18,ASML,925.8041389551521,913.2031918084529,935.7832581713847,924.9368286132812
2025-09-19,ASML,923.2121831598638,923.0127881844822,935.7533786956749,929.2734375
2025-09-22,ASML,957.9546663967047,950.6473299566766,961.5634905199588,954.8442993164062
2025-09-23,ASML,961.433807188675,953.0497871931773,974.4634805139469,960.53662109375
2025-09-24,ASML,946.7891505560368,938.0462560070457,950.6571818078505,944.0177612304688
2025-09-25,ASML,935.3048005254308,934.2281162836515,949.7201391571568,946.6197509765625
2025-09-26,ASML,943.3198830963449,939.840663010664,952.2721512454543,948.5836181640625
2025-09-29,ASML,960.7559431479452,959.4001546640461,969.0702329695691,959.639404296875
2025-09-30,ASML,965.0526446830926,960.0980111143198,972.6292278897292,965.1025390625
2025-10-01,ASML,962.6301340573727,961.8425938849423,1002.2574664268169,1000.1739501953125
2025-10-02,ASML,1035.7936738438086,1018.7364894485164,1037.0198586257939,1026.990966796875
2025-10-03,ASML,1027.8183400177816,1022.2953974834921,1036.6410046307167,1029.0345458984375
2025-10-06,ASML,1037.2291631522228,1036.8902464600912,1055.7319457513145,1040.0804443359375
2025-10-07,ASML,1039.61180273368,997.9109331242115,1041.6255885232492,999.2069091796875
2025-10-08,ASML,974.9320998607557,974.4037062118575,988.530022001297,984.7616577148438
2025-10-09,ASML,982.309253358173,968.5119967201247,984.4825795733569,977.5140991210938
2025-10-10,ASML,967.6944989865747,932.5233421921253,973.1875051225676,933.3009643554688
2025-10-13,ASML,968.7312468383981,963.9859263400098,982.1397526550281,981.621337890625
2025-10-14,ASML,964.4744756120128,963.0189592139416,990.4141374647024,980.1459350585938
2025-10-15,ASML,1026.951025401356,990.4739153078959,1029.812163718386,1006.6937255859375
2025-10-16,ASML,1033.9693692155674,1007.9797522821545,1046.141650590635,1016.443603515625
2025-10-17,ASML,1017.4405432946098,1011.8677669483786,1029.5829491963736,1026.09375
2025-10-20,ASML,1028.5660299172114,1028.306822539098,1048.9230578130826,1038.9339599609375
2025-10-21,ASML,1033.1120712743677,1020.9895621913319,1034.2783828444306,1021.8568725585938
2025-10-22,ASML,1023.282327577441,994.5911742710047,1029.991661026329,1008.4483032226562
2025-10-23,ASML,1001.4200679476387,1001.4001101967181,1037.289014096252,1033.211669921875
2025-10-24,ASML,1034.7270379074023,1028.994782206071,1040.1801284724636,1029.911865234375
2025-10-27,ASML,1046.7697800408873,1046.1217615395385,1057.4566699472603,1056.708984375
2025-10-28,ASML,1053.5387924091144,1048.4843701438137,1057.3669081985774,1049.2320556640625
2025-10-29,ASML,1069.249748726733,1063.4373466269367,1076.340372144881,1069.429443359375
2025-10-30,ASML,1071.267076354835,1069.1997347728502,1084.679317548773,1074.0333251953125
2025-10-31,ASML,1070.2683902625952,1050.0150746999086,1071.8662582912957,1057.834716796875
2025-11-03,ASML,1061.6197515645943,1061.5897618239474,1071.986083338656,1065.4146728515625
2025-11-04,ASML,1048.5669232919342,1027.4747481122959,1061.8594494479732,1028.7830810546875
2025-11-05,ASML,1029.7417608796052,1029.4422291998094,1049.2560608585582,1042.3751220703125
2025-11-06,ASML,1038.5102236991681,1025.0878641364907,1040.1580746197658,1027.84423828125
2025-11-07,ASML,1029.741749997244,995.5069373277812,1034.0361345479087,1015.6204223632812
2025-11-10,ASML,1035.404272319464,1019.7249418909303,1041.4163616205426,1037.421630859375
2025-11-11,ASML,1030.4109012636202,1016.4393396043458,1035.6139992830767,1021.0731811523438
2025-11-12,ASML,1028.8030239036707,1023.879464458988,1037.331691425164,1035.9635009765625
2025-11-13,ASML,1039.6187112014381,1008.1801987944168,1040.487560288333,1018.5165405273438
2025-11-14,ASML,987.9968002861677,979.7077459214128,1016.7289215757457,1005.6535034179688
2025-11-17,ASML,1003.3964708853293,1002.9471124261618,1023.6497856588924,1018.6563720703125
2025-11-18,ASML,1009.7481378968324,992.6806234546169,1016.3793448076661,1002.7373657226562
2025-11-19,ASML,1004.4452065491308,1003.67620129734,1043.3538489336509,1037.9609375
2025-11-20,ASML,1040.8570791743493,975.7130243902348,1049.5655632964992,979.7476806640625
2025-11-21,ASML,962.080962911644,944.8636827687898,977.2509556928964,965.2967529296875
2025-11-24,ASML,976.3322226139322,976.3022938279848,993.8291638534927,986.518798828125
2025-11-25,ASML,992.5208531933894,972.4572907607954,1005.5536503475427,1001.8984375
2025-11-26,ASML,1039.299223202982,1035.933667205797,1053.6103031488483,1039.5987548828125
2025-11-28,ASML,1039.0296014197875,1034.0760518718441,1058.8834202057349,1058.603759765625
2025-12-01,ASML,1054.6389031526546,1053.080899650366,1089.862460893126,1086.5567626953125
2025-12-02,ASML,1088.1746663353194,1087.2459596729761,1111.7435541979462,1107.3194580078125
2025-12-03,ASML,1108.7774752663647,1104.163566051388,1140.2159872751122,1139.4171142578125
2025-12-04,ASML,1121.0513488565796,1100.7181831992064,1128.0521245134892,1108.61767578125
2025-12-05,ASML,1120.4522266865492,1096.8133613610582,1127.8923646449039,1098.021728515625
2025-12-08,ASML,1117.3461167539292,1112.5625095537305,1132.6859901961936,1118.2149658203125
2025-12-09,ASML,1106.4405762551974,1104.1535538848354,1114.2702144074624,1109.975830078125
2025-12-10,ASML,1107.938604685734,1097.4324432433132,1122.4793613119205,1117.845458984375
2025-12-11,ASML,1113.2815309994614,1094.0268994378202,1126.2644059965396,1121.36083984375
2025-12-12,ASML,1107.9287153779178,1075.7710563840274,1113.0919492912794,1079.42626953125
2025-12-15,ASML,1087.9149766824626,1078.1678237614012,1096.2639494392838,1086.386962890625
2025-12-16,ASML,1080.1053300511805,1064.5357789795585,1086.626757342044,1074.632568359375
2025-12-17,ASML,1059.3727094721353,1008.679563843826,1063.7169550086453,1014.0924072265625
2025-12-18,ASML,1046.5894990092663,1033.7864402012037,1050.424528422279,1034.9449462890625
2025-12-19,ASML,1041.1866763498658,1041.1866763498658,1061.2801670524507,1054.62890625
2025-12-22,ASML,1064.5957841635889,1048.6168605738915,1065.7542902585053,1055.587646484375
2025-12-23,ASML,1056.5463969734167,1054.2993607285896,1063.3474851909957,1060.4412841796875
2025-12-24,ASML,1058.4238903013218,1056.0470204982737,1065.394798246549,1064.116455078125
2025-12-26,ASML,1064.8454762238553,1061.67960803666,1074.6724802941549,1071.3369140625
2025-12-29,ASML,1063.177651784643,1059.6722655342874,1072.2357727129984,1064.5958251953125
2025-12-30,ASML,1083.1513386185607,1069.0100780592356,1084.6294915546614,1070.727783203125
2025-12-31,ASML,1078.807018556761,1067.5119803505254,1079.1166687175132,1068.45068359375
2026-01-02,ASML,1132.2665938714329,1131.9869334358682,1171.2252187159859,1162.2470703125
2026-01-05,ASML,1209.6245260570554,1209.6245260570554,1236.2294499129284,1226.5721435546875
2026-01-06,ASML,1221.209230256659,1220.8098546700317,1244.7382552021468,1240.5537109375
2026-01-07,ASML,1225.8331306985451,1220.3903583062408,1234.1322431247092,1226.851806640625
2026-01-08,ASML,1215.656549313951,1174.4508901335453,1222.9269888444894,1192.7467041015625
2026-01-09,ASML,1231.2260425906063,1219.3816794330803,1280.311325675271,1272.2020263671875
2026-01-12,ASML,1254.4054703960956,1253.5964788798149,1281.8692450777883,1279.542236328125
2026-01-13,ASML,1280.6308331580913,1266.449586619216,1289.7788014457542,1268.4869384765625
2026-01-14,ASML,1265.45084348198,1247.973895879329,1271.592766592814,1262.0552978515625
2026-01-15,ASML,1351.8569544466252,1328.2480792213976,1356.2111966786902,1329.845947265625
2026-01-16,ASML,1353.9241774183142,1336.477218706442,1373.55831478671,1356.7803955078125
2026-01-20,ASML,1317.3823240857591,1309.582675557731,1349.4800008327084,1324.3231201171875
2026-01-21,ASML,1330.2453765112944,1320.9277106668487,1369.1940024001385,1358.29833984375
2026-01-22,ASML,1391.8142782172742,1371.4711149017658,1396.9575189068967,1393.1624755859375
2026-01-23,ASML,1374.5069899073396,1361.4742531554268,1391.5245829916014,1387.2103271484375
2026-01-26,ASML,1384.0444979899203,1383.3354722279103,1418.07956320918,1411.48828125
2026-01-27,ASML,1415.762554704968,1415.1333797303307,1471.6487993422734,1452.673828125
2026-01-28,ASML,1491.0332951545486,1406.1952471846766,1491.5126433527605,1421.045654296875
2026-01-29,ASML,1457.3975963545179,1397.246956334246,1465.5568779694152,1453.2431640625
2026-01-30,ASML,1438.1430805743119,1414.1447059306474,1464.4983317710862,1421.12548828125
2026-02-02,ASML,1395.3994655394317,1393.5619234276833,1451.2458483939204,1439.4913330078125
2026-02-03,ASML,1434.14839250214,1370.1028638872954,1443.9055423199154,1394.041259765625
2026-02-04,ASML,1393.9213728841592,1314.3264105847625,1404.247717851046,1337.365966796875
2026-02-05,ASML,1327.3691466863277,1317.7918137183312,1367.0567874715937,1348.3814697265625
2026-02-06,ASML,1370.5622012217702,1366.7172971270388,1414.1047434843438,1411.148681640625
2026-02-09,ASML,1413.9748902563604,1406.7444372078223,1435.196897787797,1427.60693359375
2026-02-10,ASML,1439.27001953125,1410.800048828125,1439.8900146484375,1413.6199951171875
2026-02-11,ASML,1440.4000244140625,1409.3399658203125,1451.489990234375,1435.6300048828125
2026-02-12,ASML,1435.22998046875,1392.199951171875,1439.25,1406.8699951171875
2026-02-13,ASML,1414.8499755859375,1401.0,1436.6600341796875,1406.6099853515625
2026-02-17,ASML,1392.5699462890625,1382.75,1428.5,1419.780029296875
2026-02-18,ASML,1436.469970703125,1427.3800048828125,1476.5,1468.719970703125
2026-02-19,ASML,1439.0400390625,1427.5799560546875,1459.7900390625,1458.9300537109375
2026-02-20,ASML,1449.4200439453125,1448.3199462890625,1487.010009765625,1469.5899658203125
2026-02-23,ASML,1471.4000244140625,1462.0,1493.010009765625,1485.989990234375
2026-02-24,ASML,1500.02001953125,1473.9300537109375,1507.3499755859375,1497.800048828125
2026-02-25,ASML,1522.4000244140625,1516.47998046875,1547.219970703125,1526.510009765625
2026-02-26,ASML,1512.8199462890625,1426.5899658203125,1514.3299560546875,1463.800048828125
2026-02-27,ASML,1430.3399658203125,1424.5,1461.719970703125,1450.56005859375
2025-01-02,MU,84.66684030581166,84.42771926604317,87.32699916268298,87.0081787109375
2025-01-03,MU,87.62588806926175,87.18751470387,89.86759648309904,89.538818359375
2025-01-06,MU,95.2178140558587,95.128149364069,101.145884630932,98.89421844482422
2025-01-07,MU,103.02891894279807,100.78721060306385,106.3466415086328,101.5344467163086
2025-01-08,MU,102.44109271546368,97.93775293176148,103.09866416599245,99.04366302490234
2025-01-10,MU,97.75842488483808,96.51303120683694,100.40861867895903,98.97392272949219
2025-01-13,MU,95.48681833046331,92.53772707798758,95.64623236635477,94.7096939086914
2025-01-14,MU,96.692365511978,95.02851382745943,97.05103948937173,97.001220703125
2025-01-15,MU,99.07355724072453,98.98388494601623,103.54700906539657,102.80973815917969
2025-01-16,MU,103.93555592157578,101.49458778922686,104.41379035306602,102.22189331054688
2025-01-17,MU,104.25438803606876,102.12227480913167,105.48981635418201,105.36029815673828
2025-01-21,MU,105.04147291115511,104.84221298551454,109.83374481470497,108.97691345214844
2025-01-22,MU,108.76769244044618,107.36289242761441,110.26216474416634,108.82747650146484
2025-01-23,MU,104.40383261777585,102.96913682096067,105.78870963225981,104.45364379882812
2025-01-24,MU,105.11122317253862,102.34146893452858,105.33041366929271,102.80973815917969
2025-01-27,MU,94.51042688785348,88.03438038966266,95.745855168381,90.77424621582031
2025-01-28,MU,92.2687149699685,87.71555660180576,93.10561576001108,87.9247817993164
2025-01-29,MU,89.54878067728237,87.43659794934271,90.1166798675106,88.68199157714844
2025-01-30,MU,90.32590307587304,89.9672291411238,92.81669006647694,92.15911865234375
2025-01-31,MU,91.31225554565204,90.80413285479582,93.92259553131404,90.90376281738281
2025-02-03,MU,88.32331414454531,87.6956309158992,91.06318001839524,89.58863067626953
2025-02-04,MU,88.72183738470171,88.47275868075958,91.11298686152321,90.3259048461914
2025-02-05,MU,90.05689624810617,89.88752455249325,93.30488469963319,93.25506591796875
2025-02-06,MU,94.53035566350349,93.23515084484504,96.2539837976105,94.19161224365234
2025-02-07,MU,95.23773875493103,91.25247910837615,95.57648977755355,91.95986938476562
2025-02-10,MU,92.84658409623766,92.8266535423513,95.90527040778852,95.57648468017578
2025-02-11,MU,93.9026709489562,93.21521129686764,95.48680785003832,93.7332992553711
2025-02-12,MU,89.26980361146077,87.02809533527369,92.2986014834403,91.3421401977539
2025-02-13,MU,91.72074774775784,91.68089423939306,95.71597264629284,95.30748748779297
2025-02-14,MU,98.04734160082803,97.63884889052946,100.32889576843057,99.15324401855469
2025-02-18,MU,102.2617607596704,101.6739386171019,107.48244870893421,106.39646911621094
2025-02-19,MU,105.37025266580042,103.23813965674945,106.79498309720162,103.97541046142578
2025-02-20,MU,103.59682146114346,101.96285811375252,104.46361051593848,102.79976654052734
2025-02-21,MU,103.25806799099445,97.38977427211219,103.2779985442369,98.47575378417969
2025-02-24,MU,99.85067498743317,94.92887722046123,100.32890185634243,95.05840301513672
2025-02-25,MU,95.14806132193294,92.41816095791296,95.57647698062735,92.87646484375
2025-02-26,MU,95.64621721872611,95.14805983737857,99.35250935215629,97.34991455078125
2025-02-27,MU,97.47944041762904,91.15284269605488,99.5218888826684,91.48162841796875
2025-02-28,MU,90.66465253252638,89.53881947380276,94.11190104633486,93.28495788574219
2025-03-03,MU,95.45692842837316,89.06058857512858,95.84549063245852,90.20635223388672
2025-03-04,MU,89.8675996045459,86.48013507588871,93.24510645727221,90.8639144897461
2025-03-05,MU,91.81041571697938,90.09675294441699,94.69973032644299,93.99234008789062
2025-03-06,MU,90.59491110713579,88.70191134069209,92.9462147999767,88.94102478027344
2025-03-07,MU,89.95727269776425,89.16021774199622,92.99602856391114,92.617431640625
2025-03-10,MU,89.25984675199922,85.443966525686,91.03329362946242,86.75910186767578
2025-03-11,MU,87.57607631385092,85.75281832489914,90.76428077435756,88.72183990478516
2025-03-12,MU,92.12923562193433,91.90007986130883,96.6325754104298,95.28755187988281
2025-03-13,MU,93.90267411572637,93.65359540454408,97.75841530128879,94.53034973144531
2025-03-14,MU,98.3860883302057,98.3860883302057,102.40123583269201,100.41857147216797
2025-03-17,MU,100.68757025549807,100.5879402967434,104.06507678584823,102.73001861572266
2025-03-18,MU,101.52449079635147,99.920423183985,102.92929086605407,101.34515380859375
2025-03-19,MU,100.44847054577039,100.1196847958489,103.21822482413522,101.68389892578125
2025-03-20,MU,101.20566472387985,100.97650896282855,104.30420452884842,102.62042999267578
2025-03-21,MU,97.83812039587315,93.35470333412435,98.13701790716819,94.3709487915039
2025-03-24,MU,95.74585524797871,94.97869616057957,98.05730538828034,96.582763671875
2025-03-25,MU,95.82556118970575,92.90635841741829,96.02482111630928,93.83293151855469
2025-03-26,MU,95.64623060448109,90.63476786297186,96.28387153374194,91.79048919677734
2025-03-27,MU,90.7543168247767,89.27977509070787,91.87019220291242,90.82406616210938
2025-03-28,MU,90.13660014108454,87.2771739613347,90.55505052799079,88.11408233642578
2025-03-31,MU,85.7946438120245,83.89917922882586,86.88203738837028,86.6825180053711
2025-04-01,MU,88.31859846191654,86.04404407968524,88.67773942870846,88.4981689453125
2025-04-02,MU,86.92193677609905,86.49296328225762,89.71525361197476,88.388427734375
2025-04-03,MU,82.72199724719897,74.03279637648919,83.15097077405038,74.16248321533203
2025-04-04,MU,70.48128396071769,63.70749808265911,71.1696310127557,64.56544494628906
2025-04-07,MU,63.78730852924181,61.39304206442101,72.28696304192796,68.20673370361328
2025-04-08,MU,71.42901781188894,63.3683148156588,72.79574899447849,65.38349151611328
2025-04-09,MU,66.04191333944567,63.54788707011225,78.37239863875062,77.68405151367188
2025-04-10,MU,72.32687510469314,67.33881475264535,72.87556478788883,69.88272857666016
2025-04-11,MU,68.8751420763307,66.67042019172567,70.00244103842446,69.38392639160156
2025-04-14,MU,74.49168825401945,69.80291477004062,74.60142618591978,70.85040283203125
2025-04-15,MU,70.95017975722467,70.38154112888485,72.62616849514895,70.87036895751953
2025-04-16,MU,67.76779307874045,67.00960572004641,70.2817723264843,69.1644515991211
2025-04-17,MU,70.27179481314613,66.84000694629727,70.31170020824621,68.63571166992188
2025-04-21,MU,67.59819601538176,65.49323393813212,67.83762078112703,66.58062744140625
2025-04-22,MU,67.37872071591792,67.27896103027251,70.231891870198,70.04234313964844
2025-04-23,MU,73.51403908303242,72.32687823233216,75.21995488386074,72.75585174560547
2025-04-24,MU,74.39192987525861,73.42424497402789,77.4047149015955,77.23512268066406
2025-04-25,MU,77.36482205816903,76.71637266541275,80.10825535652714,79.58949279785156
2025-04-28,MU,78.58190363850473,76.7363227318111,79.4199017802626,78.37240600585938
2025-04-29,MU,77.75389280867556,76.28740174166411,78.00329584425774,76.69641876220703
2025-04-30,MU,73.44420069183565,73.32448450771813,76.96576995448623,76.76624298095703
2025-05-01,MU,79.21040214247553,77.45460271800079,79.6992299396071,77.58428955078125
2025-05-02,MU,79.3899749801364,78.91111780973523,81.47498067448115,80.52725219726562
2025-05-05,MU,79.2203835292946,78.86124255073248,80.95622651822708,80.22796630859375
2025-05-06,MU,78.85126556860601,78.35245949158637,81.02606036885872,80.31775665283203
2025-05-07,MU,80.79660912223623,80.00849457893872,82.67212491024749,82.42272186279297
2025-05-08,MU,84.04881058502984,83.16093651830755,86.00412918203489,84.94666290283203
2025-05-09,MU,85.36565986387593,84.47778577895431,86.06398523027194,85.65496826171875
2025-05-12,MU,92.58837314903874,91.73042616580172,93.97505330797803,92.06961822509766
2025-05-13,MU,92.32900154023692,92.32900154023692,97.17739688375474,96.69853973388672
2025-05-14,MU,96.07005524563351,94.09477979538337,97.41683015612472,95.09239196777344
2025-05-15,MU,93.78552009949317,91.94990979063579,95.3816980129496,95.22207641601562
2025-05-16,MU,95.67099974131655,95.47147275913834,97.95553231181823,97.76598358154297
2025-05-19,MU,95.48145429639061,95.47147604414434,98.78354795050399,98.41443634033203
2025-05-20,MU,97.68617506188257,96.7384466108043,98.39447873995154,97.8657455444336
2025-05-21,MU,96.92799263277375,95.03252817248917,98.58402471557375,95.61113739013672
2025-05-22,MU,95.18217827131983,94.14466072866647,96.9878538156039,94.60356140136719
2025-05-23,MU,92.03969131890399,90.71286544475002,93.61591259832397,93.14704132080078
2025-05-27,MU,94.95271749383438,93.9650836718486,96.46908449717439,96.14984893798828
2025-05-28,MU,96.46907991706425,95.37170821016095,96.9778641817031,95.95032501220703
2025-05-29,MU,98.35455872363362,95.88048534419423,99.3920760673639,96.56884002685547
2025-05-30,MU,95.81066494609244,91.9997871101281,96.37930352647118,94.23443603515625
2025-06-02,MU,94.35414724008183,94.17457677096561,99.00301532315058,97.94554901123047
2025-06-03,MU,98.12512605479397,96.72846760266589,102.68421301435427,102.0058364868164
2025-06-04,MU,102.13552322637145,101.45714669944786,103.66187612033171,103.00344848632812
2025-06-05,MU,106.04616446993901,105.27799892548282,108.76964111729035,106.03618621826172
2025-06-06,MU,107.82190885488956,107.78200346078303,110.78481776951126,108.3007583618164
2025-06-09,MU,109.24850235646983,108.32072280620444,112.2612875262312,110.68505859375
2025-06-10,MU,111.26367119937704,110.96439214978969,114.64557545459297,113.86743927001953
2025-06-11,MU,115.32395618397277,114.45603853605634,116.97999590820505,115.7529296875
2025-06-12,MU,113.83751591512879,113.24892082568384,116.20185930256065,115.90257263183594
2025-06-13,MU,113.52825459379517,113.38858951537023,116.82036979960958,115.3239517211914
2025-06-16,MU,117.5286816186065,117.0398538101166,120.67116132410871,119.5538330078125
2025-06-17,MU,119.31439679531657,119.06499378879995,123.21506347060088,120.05262756347656
2025-06-18,MU,120.17235307052488,119.8930228993418,122.6863398335253,121.52910614013672
2025-06-20,MU,122.47683546820772,120.0925431327919,123.86352330420999,123.30485534667969
2025-06-23,MU,123.37468219527351,119.52389901724585,124.21268028730064,121.78848266601562
2025-06-24,MU,124.81125153252144,124.66160819397616,127.79411721768109,127.60456848144531
2025-06-25,MU,126.30766535585121,125.32003153326843,127.19553949322354,126.94613647460938
2025-06-26,MU,129.22068892210345,123.49439782847416,129.5399320880524,125.6991195678711
2025-06-27,MU,124.84117174943576,123.09535065604373,127.23544219975143,124.46208190917969
2025-06-30,MU,124.60174219413192,121.5590225039508,124.78131266127663,122.95568084716797
2025-07-01,MU,122.05783873935913,118.79565052591124,123.69392197214067,120.60132598876953
2025-07-02,MU,120.21225061815707,117.77807480906792,122.70628071396946,121.44928741455078
2025-07-03,MU,122.03788360569305,121.53907758190898,123.3347747008261,121.99797821044922
2025-07-07,MU,121.00442285969777,118.73771520995393,121.33394655179922,119.74624633789062
2025-07-08,MU,122.27257636440953,121.7733008257744,125.26822959622037,124.2397232055664
2025-07-09,MU,124.63915286616175,121.10428091987492,125.96722770944325,122.0628890991211
2025-07-10,MU,124.09992831374454,121.84320071598219,124.16982658534894,122.93162536621094
2025-07-11,MU,121.95304698796393,121.06433709010123,124.62916432600565,124.34957122802734
2025-07-14,MU,120.20557287884175,116.85044073516578,120.26549112242378,118.43814086914062
2025-07-15,MU,120.76477336864997,118.94741065788811,121.21411831965061,119.93597412109375
2025-07-16,MU,118.85753034135378,114.6436436886261,118.91744096652472,116.26129913330078
2025-07-17,MU,113.76492890832743,110.78924323168371,114.03453435747744,113.09590148925781
2025-07-18,MU,114.07447423588386,113.11586610496687,114.63366802600726,114.22425842285156
2025-07-21,MU,113.4254122327799,112.50674707801032,115.75203805116945,113.0659408569336
2025-07-22,MU,112.69647771248235,107.97332765921414,112.8362742569618,109.06175231933594
2025-07-23,MU,109.28144120702953,108.72224737788522,110.13020816795373,109.6708755493164
2025-07-24,MU,110.89908022255209,110.09025628769501,112.5666663118144,111.568115234375
2025-07-25,MU,110.8291875882889,108.67232111286519,111.33845079681777,111.09880065917969
2025-07-28,MU,111.55813403417766,109.70082831339325,111.83772713307584,111.08881378173828
2025-07-29,MU,111.88764882509368,110.50964349265547,113.37548776477294,111.79777526855469
2025-07-30,MU,112.4368470828504,112.24712756318624,114.72352990920864,114.57374572753906
2025-07-31,MU,112.02744094658419,106.78504811147629,112.10731923794293,108.98185729980469
2025-08-01,MU,105.3371594177704,103.23021586705363,106.345698219466,104.72804260253906
2025-08-04,MU,105.86638895230114,105.30720274943775,107.72369468991525,107.61385345458984
2025-08-05,MU,109.14163528168955,106.67521291345182,110.47969006216017,108.9019775390625
2025-08-06,MU,107.74366092723703,106.59532568425388,108.80212261325872,108.62238311767578
2025-08-07,MU,113.97462394447031,110.62947922444039,115.11297160897792,111.70791625976562
2025-08-08,MU,112.00747092710674,111.50819539552295,119.15710019618989,118.71773529052734
2025-08-11,MU,124.78892981811298,121.47374053375103,127.09558037747628,123.54074096679688
2025-08-12,MU,124.5193193513479,122.86172848384064,128.36374718808057,127.56490325927734
2025-08-13,MU,127.39514444995051,123.17127016756936,128.41367078452294,124.08993530273438
2025-08-14,MU,123.02149136038291,121.22410396763792,125.55781204565197,125.10846710205078
2025-08-15,MU,122.99153287410725,119.2669416671264,123.20122768360156,120.69486999511719
2025-08-18,MU,121.17417752138985,120.4851824254618,123.5008034715467,123.3709945678711
2025-08-19,MU,122.76187116002748,121.13422803785157,124.0599829818883,121.87316131591797
2025-08-20,MU,118.52800770763038,113.29560228932478,118.73771013425097,117.04016876220703
2025-08-21,MU,116.83047642303626,115.44249103055458,117.55942206389922,115.62223052978516
2025-08-22,MU,117.47954328089116,116.34119558943844,120.5251196904183,117.5094985961914
2025-08-25,MU,117.50949643308779,115.931783830699,117.90891840586654,116.2513198852539
2025-08-26,MU,115.92179765306861,115.642204554088,118.18851299672248,116.33120727539062
2025-08-27,MU,116.68070154107421,116.27129952694564,118.55798259791385,117.57939910888672
2025-08-28,MU,118.70775237434484,118.55797580357681,122.39240838204496,121.82323455810547
2025-08-29,MU,122.42236503228763,117.88894206128386,122.59211689323759,118.83757019042969
2025-09-02,MU,115.69213526029205,114.08446732139421,118.388220280945,118.30834197998047
2025-09-03,MU,119.18705332143674,117.13004060693738,119.26693923342542,118.54798126220703
2025-09-04,MU,118.67779487425776,118.34827118795694,124.2297440847877,124.030029296875
2025-09-05,MU,127.58485959990992,125.47792397100609,131.21959229669977,131.1796417236328
2025-09-08,MU,130.36086126654317,128.2139670600277,132.06837527367833,131.26954650878906
2025-09-09,MU,131.56909829791124,131.36939110878265,137.8000631608235,135.0440673828125
2025-09-10,MU,139.81714020682267,138.13956630474422,142.03392504086952,139.7971649169922
2025-09-11,MU,147.50596060422927,147.3961193805434,156.03357976761268,150.35183715820312
2025-09-12,MU,153.32752134686854,152.9880176365481,158.0506636879363,157.00218200683594
2025-09-15,MU,156.73258839504385,156.3231787845372,160.10768077438675,157.54141235351562
2025-09-16,MU,157.7510950409448,156.94227110560914,159.3288075726342,158.5898895263672
2025-09-17,MU,157.18193033564916,155.03503635557774,160.35731548020104,159.75819396972656
2025-09-18,MU,162.75384881089644,162.36441449247226,170.20303146314984,168.64529418945312
2025-09-19,MU,162.51419220729974,159.14907986190946,163.46281270894633,162.4942169189453
2025-09-22,MU,164.14184246148645,161.35587622810394,167.01765940463704,164.38148498535156
2025-09-23,MU,165.43993103872322,164.99058611250447,168.74514782079248,166.16888427734375
2025-09-24,MU,164.84082039998248,158.0706450383783,165.75948560020842,161.4757080078125
2025-09-25,MU,157.16196942539648,154.42593371021755,158.7197068264904,156.602783203125
2025-09-26,MU,158.29033372202,154.9551612767484,158.6897480902688,157.04214477539062
2025-09-29,MU,159.76816321970702,159.73820790803768,165.55976218375727,163.66250610351562
2025-09-30,MU,163.87221998072343,163.72244341190353,168.7052035992652,167.07757568359375
2025-10-01,MU,165.360055391913,165.26019419500858,182.1257203526332,181.8860626220703
2025-10-02,MU,184.6920181837313,180.947451558253,185.91023650814074,183.4837646484375
2025-10-03,MU,185.05747089388944,184.767701195086,191.69200169266892,187.67530822753906
2025-10-06,MU,194.8493866472828,189.27398043786616,200.83445884477962,190.802734375
2025-10-07,MU,194.68953886844125,183.08909958546354,195.1391652251319,185.53707885742188
2025-10-08,MU,188.83435823266402,188.6445122723342,196.78779404549877,196.3781280517578
2025-10-09,MU,192.81107263294027,189.34392927817512,196.4580604229229,192.17160034179688
2025-10-10,MU,192.8010839115899,179.4620729381871,193.2806843123076,181.450439453125
2025-10-13,MU,190.63285634686343,187.83517465760693,193.24070732923747,192.61123657226562
2025-10-14,MU,186.8060210760382,186.09659914411782,192.30149111787793,186.9059295654297
2025-10-15,MU,192.32146993643858,187.26563977255464,192.72114964569582,191.78192138671875
2025-10-16,MU,199.79532941067083,195.03923975679353,206.1700647865925,202.3632049560547
2025-10-17,MU,199.11588006243252,195.3889562042053,203.22249584725913,202.2133331298828
2025-10-20,MU,209.4873354801509,205.33075784235103,214.5731398863498,206.59971618652344
2025-10-21,MU,204.13173684344656,200.6745798711446,205.70043582709462,202.12338256835938
2025-10-22,MU,202.08343479206854,192.2415407692192,205.41069416355634,198.30654907226562
2025-10-23,MU,196.5379986864972,195.03923405709398,208.827871696848,206.53976440429688
2025-10-24,MU,212.21508539135147,209.8070664901897,219.63897433539046,218.83963012695312
2025-10-27,MU,224.62484399451952,215.5623219765756,224.794702152935,219.91873168945312
2025-10-28,MU,218.74969235438624,217.38082549996858,222.71642407104707,221.7272491455078
2025-10-29,MU,228.87135078348572,225.9137970864112,232.20859640302862,226.443359375
2025-10-30,MU,225.91380615828191,220.55821966466257,227.212723373412,223.8255157470703
2025-10-31,MU,227.56242644472132,218.6397884581818,231.05954386538664,223.58570861816406
2025-11-03,MU,233.68739709189376,231.60910820999857,237.42430732266837,234.5067138671875
2025-11-04,MU,221.95704904031803,217.22094732703684,228.4816698347356,217.85043334960938
2025-11-05,MU,225.4841533115408,224.54492498552918,239.68245773138185,237.30441284179688
2025-11-06,MU,237.64412607230432,234.68657228255316,246.20707567016703,238.13372802734375
2025-11-07,MU,233.83724925385255,226.21352852190947,242.35023636274957,237.7240447998047
2025-11-10,MU,247.75578657672412,247.6059009691577,256.858284180447,253.0913848876953
2025-11-11,MU,248.135463842015,238.59332616026848,249.78411405190826,240.9114227294922
2025-11-12,MU,244.69830322265625,240.64164932949222,248.9847786735164,244.69830322265625
2025-11-13,MU,243.39938470933058,229.97045103623338,249.29451955420765,236.75485229492188
2025-11-14,MU,231.25938560947498,231.0395655714366,254.95985215207114,246.62672424316406
2025-11-17,MU,246.71664046236828,239.26279288694604,260.36537880925664,241.750732421875
2025-11-18,MU,235.28606053944208,225.33427187377848,238.73321616010134,228.3118133544922
2025-11-19,MU,226.72312262868198,216.18180846432955,234.15699755114895,225.7339324951172
2025-11-20,MU,230.05039789951238,199.43563120798396,230.41010204162293,201.20416259765625
2025-11-21,MU,204.36156124737403,192.43139181117184,211.8254106635664,207.19921875
2025-11-24,MU,213.23424968286807,212.18511136196352,225.9237875384637,223.74557495117188
2025-11-25,MU,219.03946812913145,215.82211865905327,226.00372938148487,224.3450927734375
2025-11-26,MU,229.4308859738144,225.81387219183372,233.63742543404436,230.0703582763672
2025-11-28,MU,235.4259554270632,233.27773211099682,237.90392405462185,236.28524780273438
2025-12-01,MU,232.09867831862545,231.30933567412265,242.16039194453728,240.261962890625
2025-12-02,MU,238.55337433372216,234.13701631172938,244.16874103087034,239.2927703857422
2025-12-03,MU,236.1953223185405,227.90215466713155,237.6041647835438,233.9671630859375
2025-12-04,MU,230.0903484714977,223.14607529026708,233.96715792212248,226.4633331298828
2025-12-05,MU,228.76143455869826,226.50330137516542,240.37187473615015,237.02462768554688
2025-12-08,MU,243.2894764223214,241.4110198397423,249.02473941992127,246.71664428710938
2025-12-09,MU,244.2886506614627,242.63001412991284,255.29956393386357,252.2121124267578
2025-12-10,MU,254.9198778230841,250.3736221892886,264.53194983734414,263.4927978515625
2025-12-11,MU,261.3146103034218,251.34283380916006,262.63353050812447,258.24713134765625
2025-12-12,MU,255.45943871062732,239.12291305634324,255.60932432443443,240.94140625
2025-12-15,MU,246.90649937758124,235.80564812911186,249.9040288029513,237.30441284179688
2025-12-16,MU,235.60581103630304,230.39010872376193,239.20283712501302,232.31851196289062
2025-12-17,MU,236.36517544572627,221.5074267095709,237.25444186461323,225.3342742919922
2025-12-18,MU,256.3187300925832,244.79822699687696,263.43286144325225,248.34530639648438
2025-12-19,MU,251.54264645412775,251.54264645412775,268.15895405598565,265.70098876953125
2025-12-22,MU,276.92174951240804,268.06906072207244,279.7594069968648,276.3622131347656
2025-12-23,MU,275.69276260905343,272.0957215109541,281.62784230536295,276.0424499511719
2025-12-24,MU,277.7710640807415,277.02168171361717,289.06174621510235,286.44390869140625
2025-12-26,MU,290.60048652098465,283.18661404533066,290.6304605959691,284.55548095703125
2025-12-29,MU,280.212285314488,278.38306709285047,294.376349223858,294.24639892578125
2025-12-30,MU,294.5762485898116,291.8873758546106,298.7044885113904,292.5071105957031
2025-12-31,MU,293.0469125010942,284.0606666232223,293.0469125010942,285.2901611328125
2026-01-02,MU,295.00607846003123,294.73617231120267,315.4674842347152,315.2875671386719
2026-01-05,MU,324.9934815276042,309.42000654760994,325.39330746509376,312.0189208984375
2026-01-06,MU,318.14633463899094,317.92642580949723,344.40529136816224,343.2857666015625
2026-01-07,MU,340.5669262408333,337.0384097193049,346.15457532139726,339.40740966796875
2026-01-08,MU,342.7559961297741,321.225033117604,343.51568673613724,326.8826599121094
2026-01-09,MU,332.61028389510386,326.0530407686874,345.6547922186109,344.9450988769531
2026-01-12,MU,340.40698854579153,339.1775245541738,348.32367630622775,345.7247619628906
2026-01-13,MU,346.12457232198557,335.0792249908501,351.0825113246795,337.9880065917969
2026-01-14,MU,334.69938651336355,328.0621907202587,338.9576073671734,333.21002197265625
2026-01-15,MU,345.18497586053485,336.1287827693935,347.62395369792637,336.4886474609375
2026-01-16,MU,352.95174475741555,351.8921922757467,365.65639947952997,362.5976867675781
2026-01-20,MU,364.5268677658108,361.1982794163825,381.3997849298565,364.84674072265625
2026-01-21,MU,372.69344271558526,366.5760174445932,394.0344837413667,388.94659423828125
2026-01-22,MU,396.4734477148891,376.7617278072447,397.61295311527766,397.41302490234375
2026-01-23,MU,396.9932330663986,390.5759154525779,412.2568100921039,399.482177734375
2026-01-26,MU,395.3339171248016,384.1386081547605,397.83286729626053,388.9266052246094
2026-01-27,MU,404.440077826186,399.43220241444334,416.27513270929563,410.0677185058594
2026-01-28,MU,422.2626240537506,416.8249058156781,438.7556958666012,435.09722900390625
2026-01-29,MU,439.1855085220348,417.5246245977186,444.5232626546009,435.6070251464844
2026-01-30,MU,446.2825104531407,406.95903456699176,455.30871717161017,414.7057800292969
2026-02-02,MU,412.0069129532501,409.8278356846554,442.2442105860814,437.61614990234375
2026-02-03,MU,441.9743469105657,407.3588826785566,442.11427226406215,419.2638854980469
2026-02-04,MU,410.4175985803548,363.7472002495992,412.8265903346469,379.2406921386719
2026-02-05,MU,369.46480028783395,365.8463251223046,390.76585027465586,382.729248046875
2026-02-06,MU,377.81128143293284,372.7134169593978,396.4834298764643,394.5242614746094
2026-02-09,MU,380.53014117002857,370.5243348583356,391.6454667226209,383.3389587402344
2026-02-10,MU,375.83210135336617,365.90627856367956,382.6292641429955,373.09326171875
2026-02-11,MU,395.2239899172025,386.40768612441155,413.9860973904565,410.1676940917969
2026-02-12,MU,422.07269506107974,410.9873554694847,438.5857472467042,413.7961730957031
2026-02-13,MU,405.0198675621167,392.54509679679575,420.7032819419831,411.4871520996094
2026-02-17,MU,400.78164369310247,395.1339918596243,413.486297918331,399.61212158203125
2026-02-18,MU,399.3322490936073,394.434312715064,427.6703509687872,420.77325439453125
2026-02-19,MU,415.6353818204169,407.5687634245411,420.14349764725006,417.17474365234375
2026-02-20,MU,415.00563825173424,414.97565207039486,430.3891898788619,427.9902038574219
2026-02-23,MU,422.13267710547626,415.1256107182112,431.5187490538549,420.7932434082031
2026-02-24,MU,429.03975664153035,411.1072878383078,436.08678389659474,417.83447265625
2026-02-25,MU,426.32090453390197,422.82237425050533,436.7065562174714,428.8198547363281
2026-02-26,MU,424.6616000236277,401.79120277798825,433.81775727083726,415.385498046875
2026-02-27,MU,401.64127502928784,401.0115346894632,417.7844874423968,412.19683837890625
2025-02-13,SNDK,35.060001373291016,34.9900016784668,44.0,36.0
2025-02-14,SNDK,37.0,35.505001068115234,38.25,36.650001525878906
2025-02-18,SNDK,40.529998779296875,39.0,47.150001525878906,47.150001525878906
2025-02-19,SNDK,46.5099983215332,45.5,48.5,46.0
2025-02-20,SNDK,48.97999954223633,46.709999084472656,49.4900016784668,48.2599983215332
2025-02-21,SNDK,48.9900016784668,48.0,50.689998626708984,50.369998931884766
2025-02-24,SNDK,52.0,46.209999084472656,53.0,48.599998474121094
2025-02-25,SNDK,48.29999923706055,47.810001373291016,55.0099983215332,48.15999984741211
2025-02-26,SNDK,46.150001525878906,45.29999923706055,49.90999984741211,46.58000183105469
2025-02-27,SNDK,46.040000915527344,41.58000183105469,47.869998931884766,45.15999984741211
2025-02-28,SNDK,45.22999954223633,43.75,48.70000076293945,46.849998474121094
2025-03-03,SNDK,48.4900016784668,47.60499954223633,50.880001068115234,50.310001373291016
2025-03-04,SNDK,46.689998626708984,45.09700012207031,50.099998474121094,48.689998626708984
2025-03-05,SNDK,47.599998474121094,46.5,49.39799880981445,48.470001220703125
2025-03-06,SNDK,47.40999984741211,45.2400016784668,49.060001373291016,46.5
2025-03-07,SNDK,49.20000076293945,47.15999984741211,51.130001068115234,51.0
2025-03-10,SNDK,50.4900016784668,49.54999923706055,53.66999816894531,53.0
2025-03-11,SNDK,51.84000015258789,49.81999969482422,53.189998626708984,52.15999984741211
2025-03-12,SNDK,53.0,50.380001068115234,53.099998474121094,50.439998626708984
2025-03-13,SNDK,50.0,47.86000061035156,50.869998931884766,48.439998626708984
2025-03-14,SNDK,49.43000030517578,49.43000030517578,54.939998626708984,54.81999969482422
2025-03-17,SNDK,54.79999923706055,54.744998931884766,58.36000061035156,55.650001525878906
2025-03-18,SNDK,55.13999938964844,54.56999969482422,57.88999938964844,56.41999816894531
2025-03-19,SNDK,56.29999923706055,55.66999816894531,57.60499954223633,56.33000183105469
2025-03-20,SNDK,56.5099983215332,54.91999816894531,57.16999816894531,56.209999084472656
2025-03-21,SNDK,55.099998474121094,51.915000915527344,55.45000076293945,53.959999084472656
2025-03-24,SNDK,54.61000061035156,51.84000015258789,55.685001373291016,52.9900016784668
2025-03-25,SNDK,52.130001068115234,51.7599983215332,53.18000030517578,52.20000076293945
2025-03-26,SNDK,53.529998779296875,51.97999954223633,53.70000076293945,52.619998931884766
2025-03-27,SNDK,51.95000076293945,51.709999084472656,54.2400016784668,52.880001068115234
2025-03-28,SNDK,52.209999084472656,48.45500183105469,52.88999938964844,48.970001220703125
2025-03-31,SNDK,47.40999984741211,47.02000045776367,48.39500045776367,47.61000061035156
2025-04-01,SNDK,47.54999923706055,46.58000183105469,49.36000061035156,48.11000061035156
2025-04-02,SNDK,46.91999816894531,46.5099983215332,48.709999084472656,47.66999816894531
2025-04-03,SNDK,44.79999923706055,37.54999923706055,44.79999923706055,38.2599983215332
2025-04-04,SNDK,35.720001220703125,28.360000610351562,35.869998931884766,30.110000610351562
2025-04-07,SNDK,29.219999313354492,27.885000228881836,32.97999954223633,31.479999542236328
2025-04-08,SNDK,33.0,31.655000686645508,35.84000015258789,32.349998474121094
2025-04-09,SNDK,31.920000076293945,31.260000228881836,39.650001525878906,36.58000183105469
2025-04-10,SNDK,34.599998474121094,30.510000228881836,35.029998779296875,31.075000762939453
2025-04-11,SNDK,30.559999465942383,28.270000457763672,32.04999923706055,31.969999313354492
2025-04-14,SNDK,33.75,32.47999954223633,36.16999816894531,33.54999923706055
2025-04-15,SNDK,33.29999923706055,32.88999938964844,34.560001373291016,33.22999954223633
2025-04-16,SNDK,32.29999923706055,30.75,33.119998931884766,32.029998779296875
2025-04-17,SNDK,31.75,30.389999389648438,32.65999984741211,31.290000915527344
2025-04-21,SNDK,31.06999969482422,28.940000534057617,31.06999969482422,29.809999465942383
2025-04-22,SNDK,30.260000228881836,29.315000534057617,31.1200008392334,29.6200008392334
2025-04-23,SNDK,31.985000610351562,30.200000762939453,32.77799987792969,30.360000610351562
2025-04-24,SNDK,30.809999465942383,30.309999465942383,32.97999954223633,32.290000915527344
2025-04-25,SNDK,32.2599983215332,31.600000381469727,33.369998931884766,32.849998474121094
2025-04-28,SNDK,32.630001068115234,31.65999984741211,33.0,32.27000045776367
2025-04-29,SNDK,31.389999389648438,31.389999389648438,33.040000915527344,32.939998626708984
2025-04-30,SNDK,31.84000015258789,31.010000228881836,32.470001220703125,32.11000061035156
2025-05-01,SNDK,32.47999954223633,32.47999954223633,34.189998626708984,32.59000015258789
2025-05-02,SNDK,33.11000061035156,33.04999923706055,35.40999984741211,34.400001525878906
2025-05-05,SNDK,33.83000183105469,33.525001525878906,35.22999954223633,34.61000061035156
2025-05-06,SNDK,34.02000045776367,33.459999084472656,34.43000030517578,33.83000183105469
2025-05-07,SNDK,34.0,33.37799835205078,35.560001373291016,34.970001220703125
2025-05-08,SNDK,34.970001220703125,33.130001068115234,37.7599983215332,36.65999984741211
2025-05-09,SNDK,37.959999084472656,37.279998779296875,38.790000915527344,37.7400016784668
2025-05-12,SNDK,41.13999938964844,40.0,42.2400016784668,41.27000045776367
2025-05-13,SNDK,41.849998474121094,41.29999923706055,43.79999923706055,42.0
2025-05-14,SNDK,42.0,41.0099983215332,43.43000030517578,41.93000030517578
2025-05-15,SNDK,41.16999816894531,39.75,41.862998962402344,40.540000915527344
2025-05-16,SNDK,40.52000045776367,39.92499923706055,41.0,40.439998626708984
2025-05-19,SNDK,39.33000183105469,38.529998779296875,39.5,38.779998779296875
2025-05-20,SNDK,38.779998779296875,38.45000076293945,41.111000061035156,40.18000030517578
2025-05-21,SNDK,40.040000915527344,38.349998474121094,40.47999954223633,38.599998474121094
2025-05-22,SNDK,38.400001525878906,37.77000045776367,39.284000396728516,37.84000015258789
2025-05-23,SNDK,36.25,35.790000915527344,37.56700134277344,37.279998779296875
2025-05-27,SNDK,37.94499969482422,37.5,38.619998931884766,38.18000030517578
2025-05-28,SNDK,38.400001525878906,37.79999923706055,38.90999984741211,38.58000183105469
2025-05-29,SNDK,39.040000915527344,37.685001373291016,39.224998474121094,38.599998474121094
2025-05-30,SNDK,38.189998626708984,36.68000030517578,38.45000076293945,37.689998626708984
2025-06-02,SNDK,37.540000915527344,36.207000732421875,37.880001068115234,37.33000183105469
2025-06-03,SNDK,37.45000076293945,36.869998931884766,39.2400016784668,38.63999938964844
2025-06-04,SNDK,38.63999938964844,38.349998474121094,40.27000045776367,39.81999969482422
2025-06-05,SNDK,39.375,37.33000183105469,40.45000076293945,39.119998931884766
2025-06-06,SNDK,39.72999954223633,38.529998779296875,40.154998779296875,39.150001525878906
2025-06-09,SNDK,40.27000045776367,39.54999923706055,42.23500061035156,41.81999969482422
2025-06-10,SNDK,41.790000915527344,40.75,42.65999984741211,41.59000015258789
2025-06-11,SNDK,42.380001068115234,39.88999938964844,43.22999954223633,40.22999954223633
2025-06-12,SNDK,39.66999816894531,39.439998626708984,41.83000183105469,41.29999923706055
2025-06-13,SNDK,41.0,40.779998779296875,42.83000183105469,42.5
2025-06-16,SNDK,43.369998931884766,42.560001373291016,44.849998474121094,44.209999084472656
2025-06-17,SNDK,44.22999954223633,43.53499984741211,44.558998107910156,44.09000015258789
2025-06-18,SNDK,45.0,44.86000061035156,47.43000030517578,46.619998931884766
2025-06-20,SNDK,46.97999954223633,44.7599983215332,48.209999084472656,46.58000183105469
2025-06-23,SNDK,46.36000061035156,45.80400085449219,48.25,46.95000076293945
2025-06-24,SNDK,47.18000030517578,46.709999084472656,48.75,47.34000015258789
2025-06-25,SNDK,47.34000015258789,47.04999923706055,48.15999984741211,47.25
2025-06-26,SNDK,49.595001220703125,47.06999969482422,49.81999969482422,47.439998626708984
2025-06-27,SNDK,47.22999954223633,46.189998626708984,47.7400016784668,47.150001525878906
2025-06-30,SNDK,47.22999954223633,45.33000183105469,47.34000015258789,45.349998474121094
2025-07-01,SNDK,45.70000076293945,44.29999923706055,45.915000915527344,44.959999084472656
2025-07-02,SNDK,44.52000045776367,44.16999816894531,46.2400016784668,46.209999084472656
2025-07-03,SNDK,46.095001220703125,45.88999938964844,47.31999969482422,46.40999984741211
2025-07-07,SNDK,47.13999938964844,45.09000015258789,47.23500061035156,45.220001220703125
2025-07-08,SNDK,46.119998931884766,45.61000061035156,47.25,46.16999816894531
2025-07-09,SNDK,46.119998931884766,45.98500061035156,47.09000015258789,46.20000076293945
2025-07-10,SNDK,47.369998931884766,46.619998931884766,47.75,46.95000076293945
2025-07-11,SNDK,46.290000915527344,45.82500076293945,47.415000915527344,46.09000015258789
2025-07-14,SNDK,44.630001068115234,41.459999084472656,44.849998474121094,42.47999954223633
2025-07-15,SNDK,42.79999923706055,42.51499938964844,43.45000076293945,42.720001220703125
2025-07-16,SNDK,42.7599983215332,40.29999923706055,42.959999084472656,41.36000061035156
2025-07-17,SNDK,41.400001525878906,41.040000915527344,42.2599983215332,41.52000045776367
2025-07-18,SNDK,41.540000915527344,40.84000015258789,42.28499984741211,42.189998626708984
2025-07-21,SNDK,41.72800064086914,40.54999923706055,42.279998779296875,41.61000061035156
2025-07-22,SNDK,41.5099983215332,40.88999938964844,41.97999954223633,41.36000061035156
2025-07-23,SNDK,41.060001373291016,41.060001373291016,43.650001525878906,43.0
2025-07-24,SNDK,43.08000183105469,42.029998779296875,43.5,42.060001373291016
2025-07-25,SNDK,42.47999954223633,41.5,42.60499954223633,42.47999954223633
2025-07-28,SNDK,43.08000183105469,41.56999969482422,43.2400016784668,41.88999938964844
2025-07-29,SNDK,42.2599983215332,41.676998138427734,43.189998626708984,42.93000030517578
2025-07-30,SNDK,42.06999969482422,42.06999969482422,43.470001220703125,43.38999938964844
2025-07-31,SNDK,43.72999954223633,42.24300003051758,44.619998931884766,42.91999816894531
2025-08-01,SNDK,42.18000030517578,40.099998474121094,42.224998474121094,41.33000183105469
2025-08-04,SNDK,42.11000061035156,41.599998474121094,42.540000915527344,42.5099983215332
2025-08-05,SNDK,42.529998779296875,41.369998931884766,43.39500045776367,41.93000030517578
2025-08-06,SNDK,42.720001220703125,41.6150016784668,43.0,42.099998474121094
2025-08-07,SNDK,42.0,40.529998779296875,42.349998474121094,40.689998626708984
2025-08-08,SNDK,41.40999984741211,41.0,44.849998474121094,44.34000015258789
2025-08-11,SNDK,45.70000076293945,43.16999816894531,46.349998474121094,43.369998931884766
2025-08-12,SNDK,45.209999084472656,45.0,47.86000061035156,46.83000183105469
2025-08-13,SNDK,47.02000045776367,46.79999923706055,48.459999084472656,47.0099983215332
2025-08-14,SNDK,46.43000030517578,46.08000183105469,47.263999938964844,46.68000030517578
2025-08-15,SNDK,43.060001373291016,42.81999969482422,46.130001068115234,44.540000915527344
2025-08-18,SNDK,44.25,44.25,45.869998931884766,45.52000045776367
2025-08-19,SNDK,46.22999954223633,44.2599983215332,46.5,44.58000183105469
2025-08-20,SNDK,44.86000061035156,43.20199966430664,45.0,44.400001525878906
2025-08-21,SNDK,43.869998931884766,43.560001373291016,45.599998474121094,45.5
2025-08-22,SNDK,46.11000061035156,45.630001068115234,47.189998626708984,46.369998931884766
2025-08-25,SNDK,46.36000061035156,46.0099983215332,46.880001068115234,46.779998779296875
2025-08-26,SNDK,46.75,46.75,48.209999084472656,47.349998474121094
2025-08-27,SNDK,47.400001525878906,47.400001525878906,49.08000183105469,48.439998626708984
2025-08-28,SNDK,48.560001373291016,48.560001373291016,51.22999954223633,50.869998931884766
2025-08-29,SNDK,51.150001525878906,50.81999969482422,52.939998626708984,52.470001220703125
2025-09-02,SNDK,51.0099983215332,50.06999969482422,51.70000076293945,51.06999969482422
2025-09-03,SNDK,51.91999816894531,50.650001525878906,53.224998474121094,53.0099983215332
2025-09-04,SNDK,55.66999816894531,55.54999923706055,62.650001525878906,62.5
2025-09-05,SNDK,65.5199966430664,63.7400016784668,68.66999816894531,68.55000305175781
2025-09-08,SNDK,68.6500015258789,67.86000061035156,71.0,70.49500274658203
2025-09-09,SNDK,70.26000213623047,69.56999969482422,71.4000015258789,70.51000213623047
2025-09-10,SNDK,72.41999816894531,72.02999877929688,74.48999786376953,73.91999816894531
2025-09-11,SNDK,82.30000305175781,81.37999725341797,85.88999938964844,84.30000305175781
2025-09-12,SNDK,85.30999755859375,82.27999877929688,86.95999908447266,86.12999725341797
2025-09-15,SNDK,85.30000305175781,85.12000274658203,92.05500030517578,90.08999633789062
2025-09-16,SNDK,90.30999755859375,89.55999755859375,93.12999725341797,91.55000305175781
2025-09-17,SNDK,90.7750015258789,90.22000122070312,94.80999755859375,93.97000122070312
2025-09-18,SNDK,97.30000305175781,96.85800170898438,102.93000030517578,98.87000274658203
2025-09-19,SNDK,98.0,96.70999908447266,102.98999786376953,102.20999908447266
2025-09-22,SNDK,105.76000213623047,101.58999633789062,108.80000305175781,102.91999816894531
2025-09-23,SNDK,105.0,104.69999694824219,110.20999908447266,106.4000015258789
2025-09-24,SNDK,103.55500030517578,96.63099670410156,107.72000122070312,99.83000183105469
2025-09-25,SNDK,96.26499938964844,93.53500366210938,100.44999694824219,94.29000091552734
2025-09-26,SNDK,96.0,94.38999938964844,99.64600372314453,97.12000274658203
2025-09-29,SNDK,104.25,103.3479995727539,114.0,113.5
2025-09-30,SNDK,114.0999984741211,112.11000061035156,120.73999786376953,112.19999694824219
2025-10-01,SNDK,113.05999755859375,112.0,123.8499984741211,121.12000274658203
2025-10-02,SNDK,128.69000244140625,123.26000213623047,132.2899932861328,124.13999938964844
2025-10-03,SNDK,128.2899932861328,126.69999694824219,137.0500030517578,128.41000366210938
2025-10-06,SNDK,133.60000610351562,119.29000091552734,134.7899932861328,121.16999816894531
2025-10-07,SNDK,125.19999694824219,115.68000030517578,125.19999694824219,120.94999694824219
2025-10-08,SNDK,121.5,120.19999694824219,132.27999877929688,131.8800048828125
2025-10-09,SNDK,127.0,126.12000274658203,131.60499572753906,129.67999267578125
2025-10-10,SNDK,131.4600067138672,116.16999816894531,132.0,116.91000366210938
2025-10-13,SNDK,129.74000549316406,124.0479965209961,135.91000366210938,134.61000061035156
2025-10-14,SNDK,123.58999633789062,120.95999908447266,130.47999572753906,127.29000091552734
2025-10-15,SNDK,134.75,130.5,144.5500030517578,144.3000030517578
2025-10-16,SNDK,146.0,141.6999969482422,149.08999633789062,144.27000427246094
2025-10-17,SNDK,139.22000122070312,136.2899932861328,150.82000732421875,140.16000366210938
2025-10-20,SNDK,145.97999572753906,145.5,152.6300048828125,148.0399932861328
2025-10-21,SNDK,145.8000030517578,142.75999450683594,150.16000366210938,149.2899932861328
2025-10-22,SNDK,149.10000610351562,144.82000732421875,157.39999389648438,146.9499969482422
2025-10-23,SNDK,146.9949951171875,146.0,167.9499969482422,167.0500030517578
2025-10-24,SNDK,174.39999389648438,173.5,187.36000061035156,186.16000366210938
2025-10-27,SNDK,191.5,173.72000122070312,191.85000610351562,176.49000549316406
2025-10-28,SNDK,175.49000549316406,164.55999755859375,178.82000732421875,175.52999877929688
2025-10-29,SNDK,186.6699981689453,181.50999450683594,205.63999938964844,204.36000061035156
2025-10-30,SNDK,192.02000427246094,191.08999633789062,204.9199981689453,195.82000732421875
2025-10-31,SNDK,203.5,189.5800018310547,209.77000427246094,199.3300018310547
2025-11-03,SNDK,210.85000610351562,189.10000610351562,213.39999389648438,207.00999450683594
2025-11-04,SNDK,188.13499450683594,185.0,202.97999572753906,194.57000732421875
2025-11-05,SNDK,201.8800048828125,201.8699951171875,218.94000244140625,216.5
2025-11-06,SNDK,212.0,205.17999267578125,226.5,207.69000244140625
2025-11-07,SNDK,208.4199981689453,203.39999389648438,240.0,239.47999572753906
2025-11-10,SNDK,247.0,247.0,270.9100036621094,267.95001220703125
2025-11-11,SNDK,262.2900085449219,255.8699951171875,275.8699951171875,271.5799865722656
2025-11-12,SNDK,271.5799865722656,267.04998779296875,284.760009765625,283.1000061035156
2025-11-13,SNDK,268.0,234.1300048828125,271.8399963378906,243.57000732421875
2025-11-14,SNDK,236.0,235.0500030517578,270.489013671875,254.16000366210938
2025-11-17,SNDK,253.39999389648438,253.0,282.79998779296875,265.8800048828125
2025-11-18,SNDK,257.1499938964844,229.11000061035156,260.6319885253906,244.92999267578125
2025-11-19,SNDK,251.11000061035156,233.78500366210938,256.9800109863281,245.9600067138672
2025-11-20,SNDK,252.1699981689453,192.6199951171875,254.60000610351562,195.9600067138672
2025-11-21,SNDK,205.3699951171875,183.0,205.5,200.27000427246094
2025-11-24,SNDK,206.0500030517578,205.1300048828125,228.17999267578125,226.9600067138672
2025-11-25,SNDK,228.39999389648438,209.0,229.06900024414062,220.5
2025-11-26,SNDK,226.0,205.39999389648438,228.0,215.0399932861328
2025-11-28,SNDK,225.25,211.72999572753906,237.77000427246094,223.27999877929688
2025-12-01,SNDK,211.83999633789062,205.24000549316406,215.3000030517578,210.1699981689453
2025-12-02,SNDK,211.75,192.8000030517578,217.0,205.35000610351562
2025-12-03,SNDK,196.69500732421875,187.6999969482422,199.17999267578125,194.3800048828125
2025-12-04,SNDK,192.3249969482422,189.67999267578125,214.99000549316406,213.30999755859375
2025-12-05,SNDK,212.39999389648438,211.25,229.4499969482422,228.47000122070312
2025-12-08,SNDK,235.66000366210938,215.60000610351562,238.86000061035156,225.47000122070312
2025-12-09,SNDK,222.27000427246094,213.5,224.3300018310547,219.4600067138672
2025-12-10,SNDK,218.0,215.1999969482422,234.1699981689453,232.86000061035156
2025-12-11,SNDK,230.0,217.6699981689453,244.19000244140625,241.61000061035156
2025-12-12,SNDK,232.11000061035156,204.8000030517578,236.0,206.17999267578125
2025-12-15,SNDK,214.44500732421875,200.3419952392578,217.0,201.8699951171875
2025-12-16,SNDK,201.1300048828125,199.5,210.5,209.30999755859375
2025-12-17,SNDK,215.99000549316406,205.52000427246094,221.99000549316406,206.8300018310547
2025-12-18,SNDK,222.73500061035156,214.0,231.0,219.4600067138672
2025-12-19,SNDK,222.2899932861328,221.0,243.7100067138672,237.61000061035156
2025-12-22,SNDK,249.64500427246094,226.60000610351562,252.0,241.0500030517578
2025-12-23,SNDK,238.4199981689453,234.0,245.5,244.89999389648438
2025-12-24,SNDK,244.89999389648438,244.5,261.3699951171875,250.0800018310547
2025-12-26,SNDK,259.5950012207031,245.10000610351562,261.5,250.0500030517578
2025-12-29,SNDK,241.55499267578125,236.00999450683594,250.0,244.25
2025-12-30,SNDK,245.8699951171875,236.52000427246094,247.47999572753906,240.22000122070312
2025-12-31,SNDK,241.4149932861328,235.24000549316406,241.89999389648438,237.3800048828125
2026-01-02,SNDK,244.35000610351562,244.0,275.79998779296875,275.239990234375
2026-01-05,SNDK,284.2200012207031,266.3299865722656,285.0,274.0799865722656
2026-01-06,SNDK,288.7449951171875,288.5,352.0,349.6300048828125
2026-01-07,SNDK,340.8800048828125,331.2300109863281,354.93499755859375,353.55999755859375
2026-01-08,SNDK,360.7300109863281,310.7799987792969,360.9750061035156,334.5400085449219
2026-01-09,SNDK,341.6000061035156,334.5400085449219,384.0,377.4100036621094
2026-01-12,SNDK,373.9700012207031,373.9700012207031,395.1600036621094,389.2699890136719
2026-01-13,SNDK,393.20001220703125,379.4100036621094,398.0,389.80999755859375
2026-01-14,SNDK,390.0,377.0,401.20001220703125,387.80999755859375
2026-01-15,SNDK,398.8299865722656,398.614990234375,423.3500061035156,409.239990234375
2026-01-16,SNDK,425.5899963378906,399.70001220703125,432.0199890136719,413.6199951171875
2026-01-20,SNDK,412.1650085449219,412.1650085449219,457.3699951171875,453.1199951171875
2026-01-21,SNDK,463.04998779296875,448.5299987792969,501.95001220703125,501.2900085449219
2026-01-22,SNDK,501.2900085449219,467.55999755859375,509.4989929199219,503.44000244140625
2026-01-23,SNDK,503.44000244140625,463.010009765625,506.29998779296875,473.8299865722656
2026-01-26,SNDK,476.4849853515625,454.3299865722656,494.70001220703125,470.79998779296875
2026-01-27,SNDK,481.0050048828125,471.1499938964844,503.0,481.42999267578125
2026-01-28,SNDK,500.1000061035156,499.1499938964844,531.4630126953125,527.6300048828125
2026-01-29,SNDK,535.8499755859375,507.239990234375,546.75,539.2999877929688
2026-01-30,SNDK,651.22998046875,533.0,676.6900024414062,576.25
2026-02-02,SNDK,588.8099975585938,584.0999755859375,674.0,665.239990234375
2026-02-03,SNDK,694.0599975585938,646.2000122070312,725.0,695.510009765625
2026-02-04,SNDK,654.0,582.0,662.7899780273438,584.5499877929688
2026-02-05,SNDK,563.75,562.0999755859375,619.4099731445312,576.2000122070312
2026-02-06,SNDK,614.5,575.5,615.3599853515625,597.9500122070312
2026-02-09,SNDK,592.1649780273438,551.510009765625,603.97998046875,583.4000244140625
2026-02-10,SNDK,573.8800048828125,540.1400146484375,582.280029296875,541.6400146484375
2026-02-11,SNDK,578.5,575.0,612.7999877929688,599.3400268554688
2026-02-12,SNDK,640.5499877929688,615.6199951171875,668.0,630.2899780273438
2026-02-13,SNDK,610.5250244140625,586.3699951171875,661.5,626.5599975585938
2026-02-17,SNDK,612.0,588.9450073242188,628.6500244140625,590.5900268554688
2026-02-18,SNDK,582.489990234375,574.5,616.97998046875,600.4000244140625
2026-02-19,SNDK,597.3300170898438,590.0999755859375,634.47998046875,621.0900268554688
2026-02-20,SNDK,616.0,615.6500244140625,650.2899780273438,649.969970703125
2026-02-23,SNDK,659.5900268554688,644.3800048828125,691.5399780273438,666.489990234375
2026-02-24,SNDK,682.5,612.9199829101562,684.0900268554688,638.52001953125
2026-02-25,SNDK,644.2999877929688,624.4299926757812,661.2000122070312,632.3800048828125
2026-02-26,SNDK,645.739990234375,607.0,659.8599853515625,651.9000244140625
2026-02-27,SNDK,627.0800170898438,621.27001953125,661.2000122070312,635.3599853515625
2025-01-02,WDC,45.05119220621034,45.05119220621034,47.301492396607486,46.563934326171875
2025-01-03,WDC,46.69940285784137,46.69940285784137,48.2573029327562,48.21967315673828
2025-01-06,WDC,49.145389770464064,49.122812661807004,50.778549593207465,49.4088020324707
2025-01-07,WDC,49.56684070847476,48.76155139162212,50.146351381695375,48.82175827026367
2025-01-08,WDC,48.242255915022525,47.7079031994473,48.80671017358785,48.21215057373047
2025-01-10,WDC,47.49716963400221,46.127422184107516,48.0014208068559,47.27891540527344
2025-01-13,WDC,46.48114935973653,46.180103550312595,47.354173850801835,46.67682647705078
2025-01-14,WDC,47.01550266770559,46.594039288752356,47.564904250111226,47.21870422363281
2025-01-15,WDC,48.21215215074375,48.16699413732855,49.49158741618485,48.64113998413086
2025-01-16,WDC,48.42288343848347,47.722955099695156,48.9647606246115,48.35514831542969
2025-01-17,WDC,49.16795742095864,48.01646812641988,49.92809251531366,48.949703216552734
2025-01-21,WDC,49.39374503498525,49.1378572321727,51.32042609305443,50.748443603515625
2025-01-22,WDC,51.55373652968412,51.38816473882968,53.05142987382976,51.65157699584961
2025-01-23,WDC,50.88391199678483,50.771018870871366,51.9149838085056,51.68920135498047
2025-01-24,WDC,51.86230311385089,50.69576103096428,52.261185588491,50.73339080810547
2025-01-27,WDC,49.37869470599252,47.369225918309965,49.37869470599252,48.46803665161133
2025-01-28,WDC,48.59598267785756,46.52630683649722,48.68629490770006,47.31654739379883
2025-01-29,WDC,47.9637871044662,46.95529235802472,48.27988559076288,47.26386260986328
2025-01-30,WDC,50.01088493841217,47.941209232272335,50.868860561616074,49.50663757324219
2025-01-31,WDC,49.07012324081818,48.791658346485,51.14732329474245,49.01744079589844
2025-02-03,WDC,48.18957186817662,47.82079471457329,49.88294611607088,48.48309326171875
2025-02-04,WDC,48.03905474715374,47.647696671141375,49.11528470830991,48.02400207519531
2025-02-05,WDC,48.02399812171426,47.72295230393319,49.11528066499116,48.7088737487793
2025-02-06,WDC,48.851866933394575,48.287408890995025,49.27332650747305,48.52824401855469
2025-02-07,WDC,48.72392100964015,47.84337208725516,49.333537061247696,48.51319122314453
2025-02-10,WDC,49.37116462867156,49.28837684530901,52.20097534443434,51.960140228271484
2025-02-11,WDC,51.77951506256194,51.23011348214332,53.2094731747888,51.86983108520508
2025-02-12,WDC,51.34300419253856,49.89799716934694,51.94509203482757,50.63555145263672
2025-02-13,WDC,50.69576005501541,50.176460024539416,51.388160095650065,50.846282958984375
2025-02-14,WDC,51.07958923931871,50.77854343499023,51.832199951838085,51.470947265625
2025-02-18,WDC,52.8406979248087,52.59986278578755,54.25560341698247,54.210445404052734
2025-02-19,WDC,53.93197532776718,53.57072265379182,54.38354401896264,53.81155776977539
2025-02-20,WDC,53.81156220777785,52.61491476308802,53.99971489505139,53.65351486206055
2025-02-21,WDC,53.93197921249182,51.00433163342105,53.93197921249182,51.71178436279297
2025-02-24,WDC,52.38388522317577,48.02270920022034,52.4436249149945,48.8093147277832
2025-02-25,WDC,48.50065077506028,48.50065077506028,50.91025195119778,48.85910415649414
2025-02-26,WDC,49.5560928437184,48.56039076640432,50.49205142900493,49.94441604614258
2025-02-27,WDC,50.272998430897076,47.903226476345544,51.25874133835084,47.99283981323242
2025-02-28,WDC,48.1222801704082,47.793696682530964,49.864758695292146,48.71969985961914
2025-03-03,WDC,49.32708171379713,46.30014649379322,49.61583622717885,46.807952880859375
2025-03-04,WDC,46.01139006905483,44.05981499445232,46.150787746054746,44.43818283081055
2025-03-05,WDC,44.46805469858055,43.064114919047725,44.49792454549551,44.010032653808594
2025-03-06,WDC,42.73553396138955,41.18224105623735,42.93467514875071,41.271854400634766
2025-03-07,WDC,41.31167832946825,40.23631832862921,42.29742119860229,41.520774841308594
2025-03-10,WDC,40.50515847829724,39.25057180602244,40.71425499090911,40.365760803222656
2025-03-11,WDC,40.226365440168934,40.136752101284465,42.655877141267084,41.62034606933594
2025-03-12,WDC,42.426865901494644,42.07836789726544,43.51218131205628,42.775360107421875
2025-03-13,WDC,42.387037644886924,41.53073324021413,42.85501884239462,41.84935760498047
2025-03-14,WDC,43.00436698794487,42.76540064068768,44.65723211662993,44.33860778808594
2025-03-17,WDC,44.36848475627878,44.229083278576724,45.244699826308945,44.55766677856445
2025-03-18,WDC,44.34857049217794,43.482306968556614,44.36848498909702,44.14942932128906
2025-03-19,WDC,44.179302720264126,43.96025083314268,45.234748352039134,44.707027435302734
2025-03-20,WDC,44.069773357588716,44.05981800782291,45.33431548276203,44.31869888305664
2025-03-21,WDC,43.70136208846409,42.99441454905866,43.92041775352566,43.47235107421875
2025-03-24,WDC,44.50788344261412,43.26325585080893,44.667195622433105,44.11956024169922
2025-03-25,WDC,43.900506338265146,42.35716882192611,44.08968837245051,43.203514099121094
2025-03-26,WDC,43.31303986537752,42.02858328881179,43.44248219746526,42.43682098388672
2025-03-27,WDC,42.01862816950279,41.68008931332079,42.72557572854984,41.72987365722656
2025-03-28,WDC,41.222061777076554,40.31597316488885,41.80952607277856,40.445411682128906
2025-03-31,WDC,39.618984526415765,38.931947697557696,40.33588740229567,40.25623321533203
2025-04-01,WDC,39.92765075417914,39.67872524125208,40.79391427394266,40.714256286621094
2025-04-02,WDC,40.14670548490717,40.08696199580904,42.048496207393576,41.60042953491211
2025-04-03,WDC,38.593410589261794,33.86382575341441,38.7328120697341,34.00322723388672
2025-04-04,WDC,32.569412585590506,29.63209272793371,32.957735770705426,30.408740997314453
2025-04-07,WDC,29.492697024736525,28.706091454487815,33.266406994528666,31.026077270507812
2025-04-08,WDC,32.50967664977932,30.58796930122696,34.63051949012808,31.41440200805664
2025-04-09,WDC,31.205304205904483,30.43861312721229,37.209386699619905,36.143985748291016
2025-04-10,WDC,35.64613417079165,33.56511664442815,35.96475853669689,34.720130920410156
2025-04-11,WDC,34.21232249630498,33.2763601534226,34.9192700288595,34.25215148925781
2025-04-14,WDC,36.30329871211346,35.128369896017446,36.46261090082298,35.66604995727539
2025-04-15,WDC,35.65609055210088,35.32750706371204,36.17385605609733,35.77557373046875
2025-04-16,WDC,35.63617883220545,34.84957326687492,36.09420088354903,35.4669075012207
2025-04-17,WDC,36.02450104292913,35.35737868375536,36.54226657291867,36.35308074951172
2025-04-21,WDC,35.93488513286601,35.35737615288038,36.1240671444294,35.805442810058594
2025-04-22,WDC,36.20372975091282,35.825361881161314,36.840978501040304,36.52235412597656
2025-04-23,WDC,38.16526490929129,37.30896045981883,38.931952215788755,37.53797149658203
2025-04-24,WDC,38.065691841990585,38.02586284533629,40.18653843505446,39.997352600097656
2025-04-25,WDC,40.02721971992236,39.72850989032698,40.89347936523941,40.6047248840332
2025-04-28,WDC,40.415544667565754,40.00730699610759,40.95322466362337,40.734169006347656
2025-04-29,WDC,40.53502500853435,40.41554183942758,41.072704966966995,40.445411682128906
2025-04-30,WDC,42.79527464249353,41.650219537504654,43.880590054014625,43.67149353027344
2025-05-01,WDC,44.507884979304,43.67149505680143,44.95595168748433,43.7611083984375
2025-05-02,WDC,44.796638468784984,44.288828278460876,45.18496167414929,44.4979248046875
2025-05-05,WDC,43.761100198985325,43.761100198985325,45.41396523634291,44.836456298828125
2025-05-06,WDC,44.388398206827816,43.92041703847056,44.716977900768796,44.09964370727539
2025-05-07,WDC,44.21912790039627,43.41260787229186,44.46805341296286,44.10960006713867
2025-05-08,WDC,44.756807919132555,43.98015773707952,44.93603459204465,44.10960006713867
2025-05-09,WDC,44.46805597342527,43.69140954495497,45.035605870892354,43.91046142578125
2025-05-12,WDC,46.678515361390104,46.20057881072356,47.285894248164894,46.36984634399414
2025-05-13,WDC,46.8477794966459,46.47937081107724,49.6556589020864,48.799354553222656
2025-05-14,WDC,48.620128175725554,48.37120268753929,49.625785476745385,48.9885368347168
2025-05-15,WDC,48.958669558013014,48.600219998998924,49.55609308630719,49.53617858886719
2025-05-16,WDC,49.78510183348889,49.32707980821323,50.053941839185946,49.775146484375
2025-05-19,WDC,48.84914136677489,48.80931237528082,50.58166071544816,50.50200653076172
2025-05-20,WDC,50.50200881305554,50.13359632253862,51.36826852654031,50.41239547729492
2025-05-21,WDC,49.91454283777257,49.11798198922629,51.03968337458719,49.27729415893555
2025-05-22,WDC,49.34699428761977,49.06819513460373,50.87041718773933,49.625789642333984
2025-05-23,WDC,49.00845945896573,48.78940377756894,50.1734291137349,49.964332580566406
2025-05-27,WDC,50.85050583623784,50.402439132519355,51.766553741429206,51.59728240966797
2025-05-28,WDC,51.547494794960194,51.41805246691779,52.5631113262045,52.125
2025-05-29,WDC,52.99126094756242,51.76654795971919,53.120699471056064,52.32413864135742
2025-05-30,WDC,51.80637431370782,51.02972796213097,52.18474214065884,51.32843780517578
2025-06-02,WDC,51.208958697057206,50.9500740270909,52.184746287641076,51.96569061279297
2025-06-03,WDC,52.115044265000066,51.65702224399771,53.68825149314349,53.53889846801758
2025-06-04,WDC,53.86809291349377,53.33938877484187,54.62623476902061,54.29704284667969
2025-06-05,WDC,54.74594823614069,54.08756053972943,55.47416464236987,54.915531158447266
2025-06-06,WDC,55.77342774570781,55.284623000870944,56.61137601872882,55.314552307128906
2025-06-09,WDC,56.39191347529222,55.943015730424186,57.319642077343325,56.88071823120117
2025-06-10,WDC,57.060282126869744,55.43426255391171,57.2498166565748,55.81333541870117
2025-06-11,WDC,56.27220976632696,55.045214686723455,56.701159729771184,55.53401565551758
2025-06-12,WDC,55.144966768364675,54.99533545539257,55.91308635216802,55.64374542236328
2025-06-13,WDC,54.71601973016336,54.46663038990668,56.132553161618546,55.56394577026367
2025-06-16,WDC,56.352013065035585,56.132549243208295,57.54907877040134,57.2697639465332
2025-06-17,WDC,57.938132321403714,57.73862009168178,60.44199957854514,58.42693328857422
2025-06-18,WDC,58.546635331473674,58.387026319057284,59.78360803173495,59.045413970947266
2025-06-20,WDC,59.7337349199563,58.82595788767665,59.79358592524948,59.14517593383789
2025-06-23,WDC,58.855879501562235,58.51670987425333,60.36218931952358,60.23250961303711
2025-06-24,WDC,60.64151235879642,60.42204852357198,62.16777389007361,61.91838455200195
2025-06-25,WDC,62.37725756457484,61.978236922599734,62.73637880611785,62.39720916748047
2025-06-26,WDC,62.49696613484213,62.37725651941415,63.60425153720776,63.354862213134766
2025-06-27,WDC,63.35486269865162,62.496966613784544,63.50449781639377,63.13540267944336
2025-06-30,WDC,63.444643907439925,62.95584295259535,64.18283419180334,63.83369445800781
2025-07-01,WDC,63.52445012487844,62.7862560373971,64.0531542841175,63.684059143066406
2025-07-02,WDC,63.484544148940294,62.85608200239372,65.76895121394973,65.61931610107422
2025-07-03,WDC,65.76895922923995,65.60934639318519,66.6667624051507,65.91859436035156
2025-07-07,WDC,65.6392769252905,64.80132479049193,65.96846506787271,65.0606918334961
2025-07-08,WDC,65.7689511690772,63.514469606029444,65.83877987360374,63.86361312866211
2025-07-09,WDC,64.18283121458585,64.00327821198914,64.96093227962822,64.48210144042969
2025-07-10,WDC,64.80132305994208,64.42225401548893,65.44973684475696,64.90107727050781
2025-07-11,WDC,64.59183529043723,64.07310884224378,66.46724027791596,65.97843933105469
2025-07-14,WDC,65.87868462672805,65.08063574701065,67.18548224677609,66.76651000976562
2025-07-15,WDC,67.78401588197322,67.00592240120307,67.8937477944673,67.36504364013672
2025-07-16,WDC,67.36503458871492,65.63926494365865,67.43486328630522,66.36747741699219
2025-07-17,WDC,66.34754393701161,66.18793110193546,67.51468425316018,66.85629272460938
2025-07-18,WDC,67.6942430301792,67.10568023043058,68.35262692990962,67.83390045166016
2025-07-21,WDC,68.02343817255338,67.53462959101537,68.60201565172227,68.57209014892578
2025-07-22,WDC,68.3626050022036,65.87868929449411,68.6020166387788,66.89619445800781
2025-07-23,WDC,67.44485081375481,67.41492531196504,69.42998774364678,69.15067291259766
2025-07-24,WDC,69.03095525390201,68.17305545231805,69.44993506243094,68.85139465332031
2025-07-25,WDC,69.08084356249047,66.34753867023602,69.54969671485975,68.65189361572266
2025-07-28,WDC,69.23048196611859,68.5022617481615,69.44994580196204,68.82147979736328
2025-07-29,WDC,69.28035274523039,69.2404571499464,71.13580996702889,70.4375228881836
2025-07-30,WDC,69.28035672816259,69.1307292103496,71.63459274469817,71.25552368164062
2025-07-31,WDC,74.06863776481337,73.07108035383945,78.60752702904831,78.49779510498047
2025-08-01,WDC,75.52506213311268,74.3080410115925,76.83185975830655,76.3630142211914
2025-08-04,WDC,77.58003483278723,75.86424251588237,77.82942418016258,77.10121154785156
2025-08-05,WDC,77.74962356717661,74.02873124203313,78.01896070735178,75.65474700927734
2025-08-06,WDC,75.74452696346691,73.33044009631956,76.27323112081854,73.59977722167969
2025-08-07,WDC,73.52994331751772,73.26060621119322,74.42774635652896,74.25816345214844
2025-08-08,WDC,74.746969658017,74.30804200549736,75.61484725892855,74.78687286376953
2025-08-11,WDC,75.13601904871884,74.18834261366098,76.48271994460684,74.45767974853516
2025-08-12,WDC,74.71704384594189,74.43772901759297,75.74452665483611,75.72457885742188
2025-08-13,WDC,76.09366426657482,75.48515374757498,76.99146729548916,75.8841781616211
2025-08-14,WDC,75.09611027471502,74.53748063741895,76.4228632740512,76.05376434326172
2025-08-15,WDC,76.31314066180782,74.35792908232577,76.39294707993172,74.87665557861328
2025-08-18,WDC,74.60730941414046,74.44769659718284,76.23332503041658,76.10364532470703
2025-08-19,WDC,75.71459344810796,74.92652234217535,76.27322304795588,75.67469024658203
2025-08-20,WDC,75.49514155010351,72.9613449343282,75.49514155010351,75.45523834228516
2025-08-21,WDC,75.56497214443407,74.23821899175164,75.8143614914454,74.4776382446289
2025-08-22,WDC,74.59733703059267,74.38785090146399,77.16105910244164,76.78199005126953
2025-08-25,WDC,76.78199278147183,76.51264802675867,79.64497759212398,79.02649688720703
2025-08-26,WDC,78.90677876133338,78.90677876133338,80.10385205522412,79.51528930664062
2025-08-27,WDC,80.05397392443693,79.35568685351151,80.60263348784854,80.47294616699219
2025-08-28,WDC,80.70239245012846,80.5028764104273,81.95931686259023,81.83960723876953
2025-08-29,WDC,81.3707441826339,79.60507120744795,82.11891211649804,80.14374542236328
2025-09-02,WDC,78.32819651289219,77.70971585252165,81.73984829206033,81.70992279052734
2025-09-03,WDC,83.89457176048931,83.13642604214269,86.06924709174673,85.78993225097656
2025-09-04,WDC,86.27930148334995,85.8099025100303,90.78352461972617,90.3740463256836
2025-09-05,WDC,92.3714784141622,91.31283916814421,92.98069735148675,91.92205810546875
2025-09-08,WDC,92.42141700814835,91.53255809401477,93.3801859171143,93.17045593261719
2025-09-09,WDC,92.88082626003033,92.58120764360241,95.24779199488066,94.41885375976562
2025-09-10,WDC,95.76712707102627,93.79965018674213,96.05675638278763,94.89823913574219
2025-09-11,WDC,96.74587304113581,94.28902621177924,97.65470300038832,96.02679443359375
2025-09-12,WDC,96.08671221276627,95.85701120982989,98.73331793362229,97.53485870361328
2025-09-15,WDC,100.32128017250683,99.8718598510245,103.64701493425432,102.25879669189453
2025-09-16,WDC,102.39861341257354,101.31001383241515,103.84675990588907,102.95789337158203
2025-09-17,WDC,102.09900926764246,99.59222336376216,102.26878960664949,100.81066131591797
2025-09-18,WDC,102.32871084117487,101.86930118157298,105.97403539757643,105.01526641845703
2025-09-19,WDC,105.74432347076639,105.18504348857064,107.04266070899884,106.49336242675781
2025-09-22,WDC,107.07261943813592,107.07261943813592,112.6854206736991,112.26596069335938
2025-09-23,WDC,112.33587234931926,109.25981720882392,113.61423094806582,110.10872650146484
2025-09-24,WDC,110.69796640480916,108.77044681401208,112.66544327373683,109.54944610595703
2025-09-25,WDC,106.483383867865,106.15380488879842,108.56071284284866,107.07262420654297
2025-09-26,WDC,107.33228226111372,105.28490621488523,107.92152253981673,106.74303436279297
2025-09-29,WDC,111.87645526979624,111.68670391535503,117.98861590224698,116.59040832519531
2025-09-30,WDC,117.65903400272587,117.29949470273318,122.43290761753993,119.9061508178711
2025-10-01,WDC,118.02855982084074,117.35942021380902,130.9519728163305,130.4226531982422
2025-10-02,WDC,135.83571018610272,128.26542143146622,137.2239284191507,131.091796875
2025-10-03,WDC,131.57119582043575,129.76350232640647,136.04545094845258,131.14173889160156
2025-10-06,WDC,134.8270149871808,124.77990801233992,136.02547429477505,125.11946868896484
2025-10-07,WDC,127.30666053228983,117.65903524652887,127.4764408647428,119.77632141113281
2025-10-08,WDC,120.61524095829701,119.25699068373146,123.14200539559542,121.02471923828125
2025-10-09,WDC,119.62650728429003,117.84878947574394,120.68514651418424,119.5466079711914
2025-10-10,WDC,119.84623550649675,114.88260270013039,121.79373378562994,115.27210235595703
2025-10-13,WDC,122.09334265044626,115.86134103638273,122.4029429624478,118.70768737792969
2025-10-14,WDC,115.96121587307964,112.37581217962334,117.12971479244041,112.98503112792969
2025-10-15,WDC,116.55045446876592,113.3545580817103,120.48540808626782,120.2856674194336
2025-10-16,WDC,123.11203082502038,122.2431505735271,130.232891257805,125.75863647460938
2025-10-17,WDC,124.70999435435567,123.2918081511127,128.95454078573445,126.03828430175781
2025-10-20,WDC,128.77477589930967,119.69642006212163,131.8308523100373,121.374267578125
2025-10-21,WDC,121.31434572465534,119.44673925865456,121.83367602759985,121.25442504882812
2025-10-22,WDC,121.01472800700542,117.07978199949768,124.95967095338274,120.31562805175781
2025-10-23,WDC,121.7937256772963,121.56402467485402,126.55761748851305,125.55889892578125
2025-10-24,WDC,129.23416930246336,128.86464832973482,133.36886333082572,129.26412963867188
2025-10-27,WDC,132.8295653347098,123.0620992683339,132.9294432840391,126.50767517089844
2025-10-28,WDC,126.53764373341176,121.6938600411625,126.65749270862705,124.75992584228516
2025-10-29,WDC,131.26158943352647,131.0818273850896,145.49333069247905,141.1988525390625
2025-10-30,WDC,137.58346669080578,134.83699058390565,141.8180389744786,137.9530029296875
2025-10-31,WDC,155.30074720420617,139.97041011439845,157.44798616631877,150.0175323486328
2025-11-03,WDC,151.87514741768607,147.86029430994574,160.004716351335,157.81752014160156
2025-11-04,WDC,151.14606540640474,149.8277648124763,154.9811410750425,151.9849853515625
2025-11-05,WDC,153.00368429890963,152.78396499089158,165.17806629826424,159.8948516845703
2025-11-06,WDC,159.78499092125696,159.59523195299184,167.28536196252642,163.39036560058594
2025-11-07,WDC,159.55527846582615,152.61418722557843,163.03083017513697,162.75119018554688
2025-11-10,WDC,169.75219597022758,169.10303499768517,176.0041687105062,173.9967498779297
2025-11-11,WDC,171.3301849118899,169.4226286612913,178.22133739889338,169.77218627929688
2025-11-12,WDC,169.51249681121539,164.81852263012513,175.39494851620793,165.8971405029297
2025-11-13,WDC,162.24183283026804,154.58166302964344,164.66872694232146,156.9586181640625
2025-11-14,WDC,150.3870518358288,149.88769252513973,161.4728193895841,157.6277618408203
2025-11-17,WDC,155.3107268963133,155.3107268963133,167.27538691969622,162.24183654785156
2025-11-18,WDC,158.15707575346534,150.5568267109264,161.11328947076473,152.66412353515625
2025-11-19,WDC,152.66412681522388,149.88769030800066,156.4392819290522,153.772705078125
2025-11-20,WDC,162.47153826463853,137.45364895144365,163.5701348455645,140.05030822753906
2025-11-21,WDC,140.35990340392755,132.26029506000813,141.30869825223792,139.0116424560547
2025-11-24,WDC,142.36733621113294,142.36733621113294,152.50432367283838,150.73658752441406
2025-11-25,WDC,149.807789925331,147.51073409862863,155.81008322221413,155.2108612060547
2025-11-26,WDC,156.77885163535652,156.15965094012338,161.10330527994694,157.5378875732422
2025-11-28,WDC,159.79496253501614,156.5890693938939,163.46025765945484,163.12069702148438
2025-12-01,WDC,159.99471269351545,157.02851730613781,165.0382445459437,163.33042907714844
2025-12-02,WDC,166.7860000448255,156.06975412929071,169.5025157557124,159.7849884033203
2025-12-03,WDC,159.31559706492394,151.22597022159079,159.3455574041096,155.390625
2025-12-04,WDC,154.835890899233,152.9367907551574,161.4527188476337,160.9229736328125
2025-12-05,WDC,161.9225008187742,161.9225008187742,169.38892846553685,168.8092041015625
2025-12-08,WDC,170.84821998599293,166.6702270133594,172.91723702135639,169.6987762451172
2025-12-09,WDC,169.61881994567185,166.80017684021422,171.76780063128197,169.45889282226562
2025-12-10,WDC,169.62882560404745,168.81920025786187,182.38271634284155,181.8629608154297
2025-12-11,WDC,176.73541913155583,173.36702092091778,188.67969937013675,187.11044311523438
2025-12-12,WDC,184.25180307583489,169.93866208362832,185.73110598470095,176.25563049316406
2025-12-15,WDC,178.20469730616531,171.73780665982574,180.89341281951616,171.9576873779297
2025-12-16,WDC,171.99768636795977,170.65833102505943,177.29515413263618,174.49649047851562
2025-12-17,WDC,179.8139240197283,165.39083511122516,181.5830814658704,166.18045043945312
2025-12-18,WDC,174.71637853631702,174.34654517371493,181.4031804731312,174.92626953125
2025-12-19,WDC,176.74541077928822,175.5959517596421,185.18137573454374,180.99337768554688
2025-12-22,WDC,186.38079162213677,171.76779089486138,187.09044340835516,176.67543029785156
2025-12-23,WDC,175.43604405609392,174.4165277039687,178.31465603343275,178.16473388671875
2025-12-24,WDC,179.1242824067933,177.69495851013775,182.4626810723388,179.47410583496094
2025-12-26,WDC,182.22277614299065,178.10475212893084,182.43268238467795,181.45314025878906
2025-12-29,WDC,178.91437252643368,176.61546971741618,184.68161662633418,179.5940399169922
2025-12-30,WDC,180.18376165584084,175.17614871909052,181.37319479052994,175.97576904296875
2025-12-31,WDC,176.6854387853949,171.1780649684507,176.9153244846472,172.18759155273438
2026-01-02,WDC,177.11522230299764,176.61546150911136,187.68017280646822,187.61019897460938
2026-01-05,WDC,193.07759338050425,182.7125588535431,195.76630903250813,187.79013061523438
2026-01-06,WDC,189.52928215891498,188.2698904251624,221.124160752917,219.27505493164062
2026-01-07,WDC,211.88858498113004,195.02664557569932,212.74817414896077,199.7843780517578
2026-01-08,WDC,200.41407415110984,180.61355333714135,200.8038869721023,187.5902099609375
2026-01-09,WDC,187.76013732800405,185.91101628053215,200.82387661651225,200.36410522460938
2026-01-12,WDC,193.40743103173338,193.40743103173338,213.32788934648332,212.03851318359375
2026-01-13,WDC,209.1598907682368,208.38026511708654,217.89571530351014,213.8976287841797
2026-01-14,WDC,213.89761891919514,210.03946499592018,218.41546074809224,214.8971405029297
2026-01-15,WDC,223.792885880234,220.89427926647343,230.36974000712496,221.99375915527344
2026-01-16,WDC,228.68053818194875,216.72626848983742,229.8799762928001,221.40402221679688
2026-01-20,WDC,220.69438214685889,219.89476178099363,230.15985334000538,222.86334228515625
2026-01-21,WDC,227.90091669417933,225.9918420111443,244.78283606876886,241.78427124023438
2026-01-22,WDC,246.59197647869635,228.24075960281363,247.82138375549962,243.17359924316406
2026-01-23,WDC,240.63483140228976,232.0889184517236,243.13363546669567,236.27691650390625
2026-01-26,WDC,235.98705931775157,234.20791206380662,250.32019561137128,240.7347869873047
2026-01-27,WDC,243.9732311008134,243.58341827502204,256.377298194274,252.5391387939453
2026-01-28,WDC,263.32396727150575,260.6752107342356,283.86412313520367,279.5661926269531
2026-01-29,WDC,284.86366893388197,268.2216396388669,285.2834814462536,278.2768249511719
2026-01-30,WDC,278.1068855934365,237.4663481437783,283.56429559696653,250.11029052734375
2026-02-02,WDC,243.6433847555615,241.25452869230233,275.5681230103857,270.1007385253906
2026-02-03,WDC,279.37628816194285,271.57002701836757,296.3581501409377,290.10113525390625
2026-02-04,WDC,285.2334847180485,254.20833981102092,294.8488779871243,269.2811279296875
2026-02-05,WDC,255.9474972285321,254.78804854027976,269.7508877496988,260.0655212402344
2026-02-06,WDC,270.36058150014196,261.87465307555493,283.7941539302102,282.4447937011719
2026-02-09,WDC,279.6561641549846,271.40010576694345,295.2886665171221,285.8531799316406
2026-02-10,WDC,279.8960306694485,260.6252555626353,283.68422605048335,262.43438720703125
2026-02-11,WDC,274.94839462104227,266.2125853973724,279.6561634273035,273.6090393066406
2026-02-12,WDC,284.86367472666575,282.8646313952505,307.3529122050867,283.964111328125
2026-02-13,WDC,272.95935326060754,266.3325200950015,289.5214336860879,281.4452819824219
2026-02-17,WDC,277.22728942670767,271.86986842563186,288.2020473023144,283.97406005859375
2026-02-18,WDC,288.86174053101985,284.6537631630801,309.7517357352626,296.4181213378906
2026-02-19,WDC,294.8888737365036,281.5452534926987,299.37671622296625,284.5338439941406
2026-02-20,WDC,277.9069903905057,277.9069903905057,297.3576719187073,285.3833923339844
2026-02-23,WDC,283.4843089458184,278.0469090469557,294.67896297358925,280.2858581542969
2026-02-24,WDC,281.8051386442565,267.72188214601795,283.86415081911446,270.4405822753906
2026-02-25,WDC,280.36580861876365,280.00599548442597,297.4176446635026,290.8108215332031
2026-02-26,WDC,286.01311863126006,270.4305795183532,289.86128314603627,282.114990234375
2026-02-27,WDC,275.6680341392639,273.9688657884804,287.6922772899776,279.5661926269531
